,title,nickname,rating,voice,author,review
0,[강연형] 제국대학의 조센징,히히덕,100,정종현,정종현,오호라
1,[강연형] 제국대학의 조센징,스키드로,100,정종현,정종현,오호라
2,[강연형] 제국대학의 조센징,니체짱,100,정종현,정종현,오호라
3,[강연형] 제국대학의 조센징,pimono,90,정종현,정종현,오호라
4,[강연형] 제국대학의 조센징,뚱스키,90,정종현,정종현,오호라
5,[강연형] 제국대학의 조센징,유비장비관우,100,정종현,정종현,오호라
6,[강연형] 제국대학의 조센징,호양,90,정종현,정종현,오호라
7,[강연형] 제국대학의 조센징,바로로,100,정종현,정종현,오호라
8,[강연형] 제국대학의 조센징,송강호,100,정종현,정종현,오호라
9,[강연형] 제국대학의 조센징,MC쓸,100,정종현,정종현,오호라
10,[강연형] 제국대학의 조센징,necoi,100,정종현,정종현,오호라
11,[강연형] 제국대학의 조센징,ohhhhh,100,정종현,정종현,오호라
12,[강연형] 제국대학의 조센징,ㅇ리지널김치,100,정종현,정종현,오호라
13,[강연형] 제국대학의 조센징,n0nickname,100,정종현,정종현,오호라
14,[강연형] 제국대학의 조센징,가롤로,100,정종현,정종현,오호라
15,[강연형] 제국대학의 조센징,dunhill1mm,100,정종현,정종현,오호라
16,[강연형] 제국대학의 조센징,녹차와유자차,100,정종현,정종현,오호라
17,[강연형] 제국대학의 조센징,ceo7302,100,정종현,정종현,오호라
18,[강연형] 제국대학의 조센징,samkim1117,100,정종현,정종현,오호라
19,[강연형] 제국대학의 조센징,jjmview,100,정종현,정종현,오호라
20,[강연형] 제국대학의 조센징,히라0,100,정종현,정종현,오호라
21,[강연형] 제국대학의 조센징,화성에서온아저씨,100,정종현,정종현,오호라
22,[강연형] 제국대학의 조센징,두두리,100,정종현,정종현,오호라
23,[강연형] 제국대학의 조센징,지랄하는동형이,100,정종현,정종현,오호라
24,[강연형] 제국대학의 조센징,알렉스퍼기,100,정종현,정종현,오호라
25,[강연형] 제국대학의 조센징,홍도씀바귀,100,정종현,정종현,오호라
26,[강연형] 제국대학의 조센징,에스클레어,90,정종현,정종현,오호라
27,[강연형] 제국대학의 조센징,낙타사냥,90,정종현,정종현,오호라
28,[강연형] 제국대학의 조센징,kimsfull,100,정종현,정종현,오호라
29,[강연형] 제국대학의 조센징,바티스타,80,정종현,정종현,오호라
30,[강연형] 제국대학의 조센징,옥련사나이,100,정종현,정종현,오호라
31,[강연형] 제국대학의 조센징,브람스00,100,정종현,정종현,오호라
32,[강연형] 제국대학의 조센징,아우토반앤풍,100,정종현,정종현,오호라
33,[강연형] 제국대학의 조센징,스밀라의눈,90,정종현,정종현,오호라
34,[강연형] 제국대학의 조센징,kys4107,100,정종현,정종현,오호라
35,[강연형] 제국대학의 조센징,유잇팟아잇빵,90,정종현,정종현,오호라
36,[강연형] 제국대학의 조센징,k10k10r16,100,정종현,정종현,오호라
37,[강연형] 제국대학의 조센징,한목잡자,100,정종현,정종현,오호라
38,[강연형] 제국대학의 조센징,로이야드,100,정종현,정종현,오호라
39,[강연형] 제국대학의 조센징,younbelt,100,정종현,정종현,오호라
40,[강연형] 제국대학의 조센징,funky,80,정종현,정종현,오호라
41,[강연형] 제국대학의 조센징,선명과분열,80,정종현,정종현,오호라
42,[강연형] 제국대학의 조센징,늙은악마,100,정종현,정종현,오호라
43,[강연형] 제국대학의 조센징,ujh454,100,정종현,정종현,오호라
44,[강연형] 제국대학의 조센징,momoro,100,정종현,정종현,오호라
45,[강연형] 제국대학의 조센징,무등산지기,80,정종현,정종현,오호라
46,[강연형] 제국대학의 조센징,빨간수염산싼타,100,정종현,정종현,오호라
47,[강연형] 제국대학의 조센징,빨간수염싼타,80,정종현,정종현,오호라
48,[강연형] 제국대학의 조센징,모리기,100,정종현,정종현,오호라
49,[강연형] 제국대학의 조센징,유모어준무모용민따랑,90,정종현,정종현,오호라
50,[강연형] 제국대학의 조센징,다른길이있다,100,정종현,정종현,오호라
51,[강연형] 제국대학의 조센징,하늘은나의편78,100,정종현,정종현,오호라
52,[강연형] 제국대학의 조센징,하늘78,100,정종현,정종현,오호라
53,[강연형] 제국대학의 조센징,하늘은나의편,100,정종현,정종현,오호라
54,[강연형] 제국대학의 조센징,물난리,100,정종현,정종현,오호라
55,[강연형] 제국대학의 조센징,DDSD2012,100,정종현,정종현,오호라
56,[강연형] 제국대학의 조센징,링엇,100,정종현,정종현,오호라
57,[강연형] 제국대학의 조센징,요조,100,정종현,정종현,오호라
58,[강연형] 제국대학의 조센징,프랭키띠용,100,정종현,정종현,오호라
59,[강연형] 제국대학의 조센징,아힌,100,정종현,정종현,오호라
60,[강연형] 제국대학의 조센징,끼바,100,정종현,정종현,오호라
61,[강연형] 제국대학의 조센징,catnap,100,정종현,정종현,오호라
62,[강연형] 제국대학의 조센징,데미안99,100,정종현,정종현,오호라
63,[강연형] 제국대학의 조센징,190711,100,정종현,정종현,오호라
64,[강연형] 제국대학의 조센징,빌뉴스,100,정종현,정종현,오호라
65,[강연형] 제국대학의 조센징,가뎐,100,정종현,정종현,오호라
66,[강연형] 제국대학의 조센징,양수,90,정종현,정종현,오호라
67,[강연형] 제국대학의 조센징,환이준,100,정종현,정종현,오호라
68,[강연형] 제국대학의 조센징,휴지심끼임,100,정종현,정종현,오호라
69,[강연형] 제국대학의 조센징,문스타키온느,100,정종현,정종현,오호라
70,[강연형] 제국대학의 조센징,ByLatte,100,정종현,정종현,오호라
71,[강연형] 제국대학의 조센징,lyw99,90,정종현,정종현,오호라
72,[강연형] 제국대학의 조센징,찰스똥,100,정종현,정종현,오호라
73,[강연형] 제국대학의 조센징,잠시예무리,100,정종현,정종현,오호라
74,[강연형] 제국대학의 조센징,fbfbhoho,90,정종현,정종현,오호라
75,[강연형] 제국대학의 조센징,빡2029,100,정종현,정종현,오호라
76,[강연형] 제국대학의 조센징,후라이까디말라,100,정종현,정종현,오호라
77,[강연형] 제국대학의 조센징,한불휘3,70,정종현,정종현,오호라
78,[강연형] 제국대학의 조센징,나두몰랑,100,정종현,정종현,오호라
79,[강연형] 제국대학의 조센징,세인트케이,100,정종현,정종현,오호라
80,[강연형] 제국대학의 조센징,wonluck,100,정종현,정종현,오호라
81,[강연형] 제국대학의 조센징,모리영,100,정종현,정종현,오호라
82,[강연형] 제국대학의 조센징,giubileo,100,정종현,정종현,오호라
83,[강연형] 제국대학의 조센징,육군탈모총장DY,100,정종현,정종현,오호라
84,[강연형] 제국대학의 조센징,청솔모,100,정종현,정종현,오호라
85,[강연형] 제국대학의 조센징,옐키,100,정종현,정종현,오호라
86,[강연형] 제국대학의 조센징,Zentomino,100,정종현,정종현,오호라
87,[강연형] 제국대학의 조센징,해피이카,100,정종현,정종현,오호라
88,[강연형] 제국대학의 조센징,뚜껑껍데기,100,정종현,정종현,오호라
89,[강연형] 제국대학의 조센징,이런교정18,50,정종현,정종현,오호라
90,[강연형] 제국대학의 조센징,더불어사는지구,100,정종현,정종현,오호라
91,[강연형] 제국대학의 조센징,reus11,100,정종현,정종현,오호라
92,[강연형] 제국대학의 조센징,syayms,100,정종현,정종현,오호라
93,[강연형] 제국대학의 조센징,Jaewon Kim,100,정종현,정종현,오호라
94,[강연형] 제국대학의 조센징,니나노~,100,정종현,정종현,오호라
95,[강연형] 제국대학의 조센징,팟캐스트조민기,100,정종현,정종현,오호라
96,[강연형] 제국대학의 조센징,osack74,100,정종현,정종현,오호라
97,[강연형] 제국대학의 조센징,2020원더키디,100,정종현,정종현,오호라
98,[강연형] 제국대학의 조센징,나이야르르,100,정종현,정종현,오호라
99,[강연형] 제국대학의 조센징,forms,100,정종현,정종현,오호라
100,[강연형] 제국대학의 조센징,그리고뭉게구름,90,정종현,정종현,오호라
101,[강연형] 제국대학의 조센징,이하리,100,정종현,정종현,오호라
102,[강연형] 제국대학의 조센징,차군아커피,100,정종현,정종현,오호라
103,[강연형] 제국대학의 조센징,꼬서,100,정종현,정종현,오호라
104,[강연형] 제국대학의 조센징,nullfehler,100,정종현,정종현,오호라
105,[강연형] 제국대학의 조센징,젠니,90,정종현,정종현,오호라
106,[강연형] 제국대학의 조센징,고성방가673,80,정종현,정종현,오호라
107,[강연형] 제국대학의 조센징,머라하꼬이,100,정종현,정종현,오호라
108,[강연형] 제국대학의 조센징,바나나맛우유6,70,정종현,정종현,오호라
109,[강연형] 제국대학의 조센징,하누상12,90,정종현,정종현,오호라
110,[강연형] 제국대학의 조센징,jsonlimfaith ,100,정종현,정종현,오호라
111,[강연형] 제국대학의 조센징,citizen94,90,정종현,정종현,오호라
112,[강연형] 제국대학의 조센징,설빙2,100,정종현,정종현,오호라
113,[강연형] 제국대학의 조센징,수번의찰나,100,정종현,정종현,오호라
114,[강연형] 제국대학의 조센징,우츠노미야풋볼,100,정종현,정종현,오호라
115,[강연형] 제국대학의 조센징,영진최고,100,정종현,정종현,오호라
116,[강연형] 제국대학의 조센징,ungshin,100,정종현,정종현,오호라
117,[강연형] 제국대학의 조센징,oversky1,90,정종현,정종현,오호라
118,[강연형] 제국대학의 조센징,bokdolphin,100,정종현,정종현,오호라
119,[강연형] 제국대학의 조센징,동그니채미니,90,정종현,정종현,오호라
120,[강연형] 제국대학의 조센징,poer777,100,정종현,정종현,오호라
121,[강연형] 제국대학의 조센징,전설의깜보,100,정종현,정종현,오호라
122,[강연형] 제국대학의 조센징,우주먼지구인사,100,정종현,정종현,오호라
123,[강연형] 제국대학의 조센징,뭐지1,100,정종현,정종현,오호라
124,[강연형] 제국대학의 조센징,딩가딩카,100,정종현,정종현,오호라
125,[강연형] 제국대학의 조센징,GGMUFC,100,정종현,정종현,오호라
126,[강연형] 제국대학의 조센징,용용수수수,80,정종현,정종현,오호라
127,[강연형] 제국대학의 조센징,머그컵하나,60,정종현,정종현,오호라
128,[강연형] 제국대학의 조센징,1025khd,100,정종현,정종현,오호라
129,[강연형] 제국대학의 조센징,촐랭이,100,정종현,정종현,오호라
130,[강연형] 제국대학의 조센징,ilmale0312,100,정종현,정종현,오호라
131,[강연형] 제국대학의 조센징,h41400,100,정종현,정종현,오호라
132,[강연형] 제국대학의 조센징,hubbahubba,90,정종현,정종현,오호라
133,[강연형] 제국대학의 조센징,오링맨,90,정종현,정종현,오호라
134,[강연형] 제국대학의 조센징,꼬김스,100,정종현,정종현,오호라
135,[강연형] 제국대학의 조센징,흠야,100,정종현,정종현,오호라
136,[강연형] 제국대학의 조센징,세피로트,70,정종현,정종현,오호라
137,[강연형] 제국대학의 조센징,양군s,100,정종현,정종현,오호라
138,[강연형] 제국대학의 조센징,ringa,80,정종현,정종현,오호라
139,[강연형] 제국대학의 조센징,드럼은신림동드럼박스,100,정종현,정종현,오호라
140,[강연형] 제국대학의 조센징,리명박간나세끼,80,정종현,정종현,오호라
141,[강연형] 제국대학의 조센징,cocoda,80,정종현,정종현,오호라
142,[강연형] 제국대학의 조센징,whitene,90,정종현,정종현,오호라
143,[강연형] 제국대학의 조센징,twotimer,80,정종현,정종현,오호라
144,[강연형] 제국대학의 조센징,잔디맘,90,정종현,정종현,오호라
145,[강연형] 제국대학의 조센징,da같이,100,정종현,정종현,오호라
146,[강연형] 제국대학의 조센징,지구공주,100,정종현,정종현,오호라
147,[강연형] 제국대학의 조센징,에르네스또,100,정종현,정종현,오호라
148,[강연형] 제국대학의 조센징,1만원주라고,10,정종현,정종현,오호라
149,[강연형] 제국대학의 조센징,ㅅㄴㄱㄹ,50,정종현,정종현,오호라
150,[강연형] 제국대학의 조센징,peaceap,100,정종현,정종현,오호라
151,[강연형] 제국대학의 조센징,ind04367,100,정종현,정종현,오호라
152,[강연형] 제국대학의 조센징,시립,90,정종현,정종현,오호라
153,[강연형] 제국대학의 조센징,뽁이아빠s9,100,정종현,정종현,오호라
154,[강연형] 제국대학의 조센징,boss0546,100,정종현,정종현,오호라
155,[강연형] 제국대학의 조센징,jm1014,100,정종현,정종현,오호라
156,[강연형] 제국대학의 조센징,pknu80,100,정종현,정종현,오호라
157,[강연형] 제국대학의 조센징,biotite,100,정종현,정종현,오호라
158,[강연형] 제국대학의 조센징,ironman08,100,정종현,정종현,오호라
159,[강연형] 제국대학의 조센징,지콩유콩,100,정종현,정종현,오호라
160,[강연형] 제국대학의 조센징,rambo49,100,정종현,정종현,오호라
161,[강연형] 제국대학의 조센징,힘좀내요,100,정종현,정종현,오호라
162,[강연형] 제국대학의 조센징,이뿐똥꼬킹,100,정종현,정종현,오호라
163,[강연형] 제국대학의 조센징,곧휴에힘줘,100,정종현,정종현,오호라
164,[강연형] 제국대학의 조센징,고사부,100,정종현,정종현,오호라
165,[강연형] 제국대학의 조센징,hipstery,100,정종현,정종현,오호라
166,[강연형] 제국대학의 조센징,구구구통닭,100,정종현,정종현,오호라
167,[강연형] 제국대학의 조센징,롱박,100,정종현,정종현,오호라
168,[강연형] 제국대학의 조센징,나의예쁜삶,100,정종현,정종현,오호라
169,[강연형] 제국대학의 조센징,미친세상의봄,100,정종현,정종현,오호라
170,[강연형] 제국대학의 조센징,쁘레따뽀h,100,정종현,정종현,오호라
171,[강연형] 제국대학의 조센징,hannarae,100,정종현,정종현,오호라
172,[강연형] 제국대학의 조센징,momo0511,100,정종현,정종현,오호라
173,[강연형] 제국대학의 조센징,상렬이형,100,정종현,정종현,오호라
174,[강연형] 제국대학의 조센징,Django,90,정종현,정종현,오호라
175,[강연형] 제국대학의 조센징,kjj2213,100,정종현,정종현,오호라
176,[강연형] 제국대학의 조센징,티씨지는부산더락,100,정종현,정종현,오호라
177,[강연형] 제국대학의 조센징,윤시,90,정종현,정종현,오호라
178,[강연형] 제국대학의 조센징,ahdcl1020,100,정종현,정종현,오호라
179,[강연형] 제국대학의 조센징,gianis,100,정종현,정종현,오호라
180,[강연형] 제국대학의 조센징,발톱이두꺼운정영진,100,정종현,정종현,오호라
181,[강연형] 제국대학의 조센징,daca5656,80,정종현,정종현,오호라
182,[강연형] 제국대학의 조센징,sainten,100,정종현,정종현,오호라
183,[강연형] 제국대학의 조센징,아말파티흐,100,정종현,정종현,오호라
184,[강연형] 제국대학의 조센징,머스크VD,100,정종현,정종현,오호라
185,[강연형] 제국대학의 조센징,shoah,90,정종현,정종현,오호라
186,[강연형] 제국대학의 조센징,다인짱의비상구,100,정종현,정종현,오호라
187,[강연형] 제국대학의 조센징,날윤,100,정종현,정종현,오호라
188,[강연형] 제국대학의 조센징,소름돋네,100,정종현,정종현,오호라
189,[강연형] 제국대학의 조센징,hamsik,100,정종현,정종현,오호라
190,[강연형] 제국대학의 조센징,팟심은데콩,90,정종현,정종현,오호라
191,[강연형] 제국대학의 조센징,마포대교는무너졌냐이,100,정종현,정종현,오호라
192,[강연형] 제국대학의 조센징,파이팅팡팡팡,100,정종현,정종현,오호라
193,[강연형] 제국대학의 조센징,미녀배우님,100,정종현,정종현,오호라
194,[강연형] 제국대학의 조센징,히풋러,100,정종현,정종현,오호라
195,[강연형] 제국대학의 조센징,no10루니,100,정종현,정종현,오호라
196,[강연형] 제국대학의 조센징,태랑나가신다,100,정종현,정종현,오호라
197,[강연형] 제국대학의 조센징,베이비붐,100,정종현,정종현,오호라
198,[강연형] 제국대학의 조센징,hyeinn,100,정종현,정종현,오호라
199,[강연형] 제국대학의 조센징,흥칫뿡꽥,100,정종현,정종현,오호라
200,[강연형] 제국대학의 조센징,kdoogie,100,정종현,정종현,오호라
201,[강연형] 제국대학의 조센징,Starbuck,100,정종현,정종현,오호라
202,[강연형] 제국대학의 조센징,비타4500,100,정종현,정종현,오호라
203,[강연형] 제국대학의 조센징,보건요정S,100,정종현,정종현,오호라
204,[강연형] 제국대학의 조센징,말순이1004,100,정종현,정종현,오호라
205,[강연형] 제국대학의 조센징,091222,90,정종현,정종현,오호라
206,[강연형] 제국대학의 조센징,민민갠,70,정종현,정종현,오호라
207,[강연형] 제국대학의 조센징,흥분대요,100,정종현,정종현,오호라
208,[강연형] 제국대학의 조센징,오늘두내일두호날두,100,정종현,정종현,오호라
209,[강연형] 제국대학의 조센징,뭔지몰라요,100,정종현,정종현,오호라
210,[강연형] 제국대학의 조센징,denty77,100,정종현,정종현,오호라
211,[강연형] 제국대학의 조센징,mbox2,100,정종현,정종현,오호라
212,[강연형] 제국대학의 조센징,lesmise,70,정종현,정종현,오호라
213,[강연형] 제국대학의 조센징,feeljsh521,90,정종현,정종현,오호라
214,[강연형] 제국대학의 조센징,찾길바래,100,정종현,정종현,오호라
215,[강연형] 제국대학의 조센징,재은애비,90,정종현,정종현,오호라
216,[강연형] 제국대학의 조센징,건강콩이,60,정종현,정종현,오호라
217,[강연형] 제국대학의 조센징,충원갑,100,정종현,정종현,오호라
218,[강연형] 제국대학의 조센징,킹우석,100,정종현,정종현,오호라
219,[강연형] 제국대학의 조센징,213626,100,정종현,정종현,오호라
220,[강연형] 제국대학의 조센징,DuKE009,100,정종현,정종현,오호라
221,[강연형] 제국대학의 조센징,빠라까라빠라,100,정종현,정종현,오호라
222,[강연형] 제국대학의 조센징,전파뚱띠,100,정종현,정종현,오호라
223,[강연형] 제국대학의 조센징,이름이머까,100,정종현,정종현,오호라
224,[강연형] 제국대학의 조센징,은서야,100,정종현,정종현,오호라
225,[강연형] 제국대학의 조센징,하마놈,100,정종현,정종현,오호라
226,[강연형] 제국대학의 조센징,임충휴나전칠기명장,80,정종현,정종현,오호라
227,[강연형] 제국대학의 조센징,롱개,100,정종현,정종현,오호라
228,[강연형] 제국대학의 조센징,gj주,100,정종현,정종현,오호라
229,[강연형] 제국대학의 조센징,뽀뚜루인추멘,100,정종현,정종현,오호라
230,[강연형] 제국대학의 조센징,윤창c,100,정종현,정종현,오호라
231,[강연형] 제국대학의 조센징,짱구인생,90,정종현,정종현,오호라
232,[강연형] 제국대학의 조센징,로켓맨15,100,정종현,정종현,오호라
233,[강연형] 제국대학의 조센징,이누이트맘,80,정종현,정종현,오호라
234,[강연형] 제국대학의 조센징,hibae,100,정종현,정종현,오호라
235,[강연형] 제국대학의 조센징,유로따리,100,정종현,정종현,오호라
236,[강연형] 제국대학의 조센징,수다진아범님,80,정종현,정종현,오호라
237,[강연형] 제국대학의 조센징,2020합격자,100,정종현,정종현,오호라
238,[강연형] 제국대학의 조센징,한냥두냥커피한알,100,정종현,정종현,오호라
239,[강연형] 제국대학의 조센징,큐트보이,100,정종현,정종현,오호라
240,[강연형] 제국대학의 조센징,킴밍밍,60,정종현,정종현,오호라
241,[강연형] 제국대학의 조센징,난타미,30,정종현,정종현,오호라
242,[강연형] 제국대학의 조센징,캬캬캬노,100,정종현,정종현,오호라
243,[강연형] 제국대학의 조센징,lennonian,100,정종현,정종현,오호라
244,[강연형] 제국대학의 조센징,촛불은영원해야한다,70,정종현,정종현,오호라
245,[강연형] 제국대학의 조센징,pjm5249,70,정종현,정종현,오호라
246,[강연형] 제국대학의 조센징,넉언니,100,정종현,정종현,오호라
247,[강연형] 제국대학의 조센징,미들점퍼,100,정종현,정종현,오호라
248,[강연형] 제국대학의 조센징,플러스원투,100,정종현,정종현,오호라
249,[강연형] 제국대학의 조센징,유비유림,100,정종현,정종현,오호라
250,[강연형] 제국대학의 조센징,gnamja,100,정종현,정종현,오호라
251,[강연형] 제국대학의 조센징,박종윤존맛,100,정종현,정종현,오호라
252,[강연형] 제국대학의 조센징,dhkim888,100,정종현,정종현,오호라
253,[강연형] 제국대학의 조센징,고롯늬,100,정종현,정종현,오호라
254,[강연형] 제국대학의 조센징,ssu711,100,정종현,정종현,오호라
255,[강연형] 제국대학의 조센징,cassiel,100,정종현,정종현,오호라
256,[강연형] 제국대학의 조센징,블루카라iN,100,정종현,정종현,오호라
257,[강연형] 제국대학의 조센징,anobo,100,정종현,정종현,오호라
258,[강연형] 제국대학의 조센징,vmfpwmsh1h,100,정종현,정종현,오호라
259,[강연형] 제국대학의 조센징,dogisgae,100,정종현,정종현,오호라
260,[강연형] 제국대학의 조센징,설원의늑대,80,정종현,정종현,오호라
261,[강연형] 제국대학의 조센징,그때잡,100,정종현,정종현,오호라
262,[강연형] 제국대학의 조센징,크림치즈볼,100,정종현,정종현,오호라
263,[강연형] 제국대학의 조센징,으랏찻차,70,정종현,정종현,오호라
264,[강연형] 제국대학의 조센징,opps,100,정종현,정종현,오호라
265,[강연형] 제국대학의 조센징,자라32,90,정종현,정종현,오호라
266,[강연형] 제국대학의 조센징,7790,100,정종현,정종현,오호라
267,[강연형] 제국대학의 조센징,마르크그라프,90,정종현,정종현,오호라
268,[강연형] 제국대학의 조센징,꼭안아주세요,80,정종현,정종현,오호라
269,[강연형] 제국대학의 조센징,정신체리,80,정종현,정종현,오호라
270,[강연형] 제국대학의 조센징,밤샘0815,60,정종현,정종현,오호라
271,[강연형] 제국대학의 조센징,제이슨키드,100,정종현,정종현,오호라
272,[강연형] 제국대학의 조센징,벅스턴,100,정종현,정종현,오호라
273,[강연형] 제국대학의 조센징,독사황가,70,정종현,정종현,오호라
274,[강연형] 제국대학의 조센징,펭수펭하펭바,80,정종현,정종현,오호라
275,[강연형] 제국대학의 조센징,s4o2o9n,100,정종현,정종현,오호라
276,[강연형] 제국대학의 조센징,엄민,90,정종현,정종현,오호라
277,[강연형] 제국대학의 조센징,09abc,100,정종현,정종현,오호라
278,[강연형] 제국대학의 조센징,anluke,100,정종현,정종현,오호라
279,[강연형] 제국대학의 조센징,0오공0,80,정종현,정종현,오호라
280,[강연형] 제국대학의 조센징,변경닉네임,100,정종현,정종현,오호라
281,[강연형] 제국대학의 조센징,펭현숙펭수,100,정종현,정종현,오호라
282,[강연형] 제국대학의 조센징,shinmg1209,100,정종현,정종현,오호라
283,[강연형] 제국대학의 조센징,dbdb6,90,정종현,정종현,오호라
284,[강연형] 제국대학의 조센징,bato,100,정종현,정종현,오호라
285,[강연형] 제국대학의 조센징,수지수,100,정종현,정종현,오호라
286,[강연형] 제국대학의 조센징,해피1003,100,정종현,정종현,오호라
287,[강연형] 제국대학의 조센징,amazio,100,정종현,정종현,오호라
288,[강연형] 제국대학의 조센징,philbob,90,정종현,정종현,오호라
289,[강연형] 제국대학의 조센징,꺆꺆꺆,100,정종현,정종현,오호라
290,[강연형] 제국대학의 조센징,자미로콰이1,100,정종현,정종현,오호라
291,[강연형] 제국대학의 조센징,지니야부탁해,100,정종현,정종현,오호라
292,[강연형] 제국대학의 조센징,별비지누,100,정종현,정종현,오호라
293,[강연형] 제국대학의 조센징,SMEC,100,정종현,정종현,오호라
294,[강연형] 제국대학의 조센징,wondake,100,정종현,정종현,오호라
295,[강연형] 제국대학의 조센징,간디가빛나는밤에,100,정종현,정종현,오호라
296,[강연형] 제국대학의 조센징,워너비태희,100,정종현,정종현,오호라
297,[강연형] 제국대학의 조센징,화났다이글스,80,정종현,정종현,오호라
298,[강연형] 제국대학의 조센징,choi미르,100,정종현,정종현,오호라
299,[강연형] 제국대학의 조센징,사유의거처,100,정종현,정종현,오호라
300,[강연형] 제국대학의 조센징,hoot720,90,정종현,정종현,오호라
301,[강연형] 제국대학의 조센징,앗싸라05,80,정종현,정종현,오호라
302,[강연형] 제국대학의 조센징,mymoon,100,정종현,정종현,오호라
303,[강연형] 제국대학의 조센징,캔디친구알사탕,80,정종현,정종현,오호라
304,[강연형] 제국대학의 조센징,16LEVELZ,100,정종현,정종현,오호라
305,[강연형] 제국대학의 조센징,동일,90,정종현,정종현,오호라
306,[강연형] 제국대학의 조센징,명박저격수,100,정종현,정종현,오호라
307,[강연형] 제국대학의 조센징,또또ㅎ,100,정종현,정종현,오호라
308,[강연형] 제국대학의 조센징,별아사랑해,100,정종현,정종현,오호라
309,[강연형] 제국대학의 조센징,419,100,정종현,정종현,오호라
310,[강연형] 제국대학의 조센징,지삼출,100,정종현,정종현,오호라
311,[강연형] 제국대학의 조센징,졔니킴,90,정종현,정종현,오호라
312,[강연형] 제국대학의 조센징,3399,70,정종현,정종현,오호라
313,[강연형] 제국대학의 조센징,훈00,100,정종현,정종현,오호라
314,[강연형] 제국대학의 조센징,2020수지,100,정종현,정종현,오호라
315,[강연형] 제국대학의 조센징,크로스c,80,정종현,정종현,오호라
316,[강연형] 제국대학의 조센징,쫄바지,100,정종현,정종현,오호라
317,[강연형] 제국대학의 조센징,myyy,100,정종현,정종현,오호라
318,[강연형] 제국대학의 조센징,화효,100,정종현,정종현,오호라
319,[강연형] 제국대학의 조센징,DWN,100,정종현,정종현,오호라
320,[강연형] 제국대학의 조센징,별곁달,100,정종현,정종현,오호라
321,[강연형] 제국대학의 조센징,몬스터콜,100,정종현,정종현,오호라
322,[강연형] 제국대학의 조센징,키마02356,100,정종현,정종현,오호라
323,[강연형] 제국대학의 조센징,지78333,100,정종현,정종현,오호라
324,[강연형] 제국대학의 조센징,킹보리,100,정종현,정종현,오호라
325,[강연형] 제국대학의 조센징,주야파파,100,정종현,정종현,오호라
326,[강연형] 제국대학의 조센징,킴콩이,100,정종현,정종현,오호라
327,[강연형] 제국대학의 조센징,MAJESTIC78,100,정종현,정종현,오호라
328,[강연형] 제국대학의 조센징,그레이빈,100,정종현,정종현,오호라
329,[강연형] 제국대학의 조센징,라틈,90,정종현,정종현,오호라
330,[강연형] 제국대학의 조센징,JP,100,정종현,정종현,오호라
331,[강연형] 제국대학의 조센징,KNUT,90,정종현,정종현,오호라
332,[강연형] 제국대학의 조센징,remotejan,100,정종현,정종현,오호라
333,[강연형] 제국대학의 조센징,홍홍37,100,정종현,정종현,오호라
334,[강연형] 제국대학의 조센징,크로노스1,60,정종현,정종현,오호라
335,[강연형] 제국대학의 조센징,흐흐앙,100,정종현,정종현,오호라
336,[강연형] 제국대학의 조센징,평범한진리,60,정종현,정종현,오호라
337,[강연형] 제국대학의 조센징,저는그러한면을삶아오지않았습니다,100,정종현,정종현,오호라
338,[강연형] 제국대학의 조센징,쭌팔,90,정종현,정종현,오호라
339,[강연형] 제국대학의 조센징,비스트마린,100,정종현,정종현,오호라
340,[강연형] 제국대학의 조센징,김선화,100,정종현,정종현,오호라
341,[강연형] 제국대학의 조센징,코끼리311,80,정종현,정종현,오호라
342,[강연형] 제국대학의 조센징,baikmg,100,정종현,정종현,오호라
343,[강연형] 제국대학의 조센징,좌파옵션,90,정종현,정종현,오호라
344,[강연형] 제국대학의 조센징,시바이가니마이,100,정종현,정종현,오호라
345,[강연형] 제국대학의 조센징,욱이후배,100,정종현,정종현,오호라
346,[강연형] 제국대학의 조센징,중앙돌파다,100,정종현,정종현,오호라
347,[강연형] 제국대학의 조센징,가라허,100,정종현,정종현,오호라
348,[강연형] 제국대학의 조센징,심사쑥꼬,100,정종현,정종현,오호라
349,[강연형] 제국대학의 조센징,깨끗한유리,100,정종현,정종현,오호라
350,[강연형] 제국대학의 조센징,초코빵,90,정종현,정종현,오호라
351,[강연형] 제국대학의 조센징,땡큐테이너1,100,정종현,정종현,오호라
352,[강연형] 제국대학의 조센징,적토마78,70,정종현,정종현,오호라
353,[강연형] 제국대학의 조센징,뽕구라,100,정종현,정종현,오호라
354,[강연형] 제국대학의 조센징,누캄프,100,정종현,정종현,오호라
355,[강연형] 제국대학의 조센징,truthy,100,정종현,정종현,오호라
356,[강연형] 제국대학의 조센징,iy56,100,정종현,정종현,오호라
357,[강연형] 제국대학의 조센징,dokyunman,100,정종현,정종현,오호라
358,[강연형] 제국대학의 조센징,가시없는선인장,100,정종현,정종현,오호라
359,[강연형] 제국대학의 조센징,southparrk,100,정종현,정종현,오호라
360,[강연형] 제국대학의 조센징,미다진구,100,정종현,정종현,오호라
361,[강연형] 제국대학의 조센징,jiny103,90,정종현,정종현,오호라
362,[강연형] 제국대학의 조센징,ehgusrjsgh,100,정종현,정종현,오호라
363,[강연형] 제국대학의 조센징,라스피디아,80,정종현,정종현,오호라
364,[강연형] 제국대학의 조센징,yueun,100,정종현,정종현,오호라
365,[강연형] 제국대학의 조센징,하늘달비,100,정종현,정종현,오호라
366,[강연형] 제국대학의 조센징,ddorg321,80,정종현,정종현,오호라
367,[강연형] 제국대학의 조센징,오늘도화이팅,100,정종현,정종현,오호라
368,[강연형] 제국대학의 조센징,운우지정,100,정종현,정종현,오호라
369,[강연형] 제국대학의 조센징,handrake12,100,정종현,정종현,오호라
370,[강연형] 제국대학의 조센징,가출소년,100,정종현,정종현,오호라
371,[강연형] 제국대학의 조센징,weewee,100,정종현,정종현,오호라
372,[강연형] 제국대학의 조센징,reilth,100,정종현,정종현,오호라
373,[강연형] 제국대학의 조센징,요요제로,100,정종현,정종현,오호라
374,[강연형] 제국대학의 조센징,혜찌니,100,정종현,정종현,오호라
375,[강연형] 제국대학의 조센징,하미슬이,90,정종현,정종현,오호라
376,[강연형] 제국대학의 조센징,government,100,정종현,정종현,오호라
377,[강연형] 제국대학의 조센징,아봉쓰,100,정종현,정종현,오호라
378,[강연형] 제국대학의 조센징,방지거,100,정종현,정종현,오호라
379,[강연형] 제국대학의 조센징,모히스트,100,정종현,정종현,오호라
380,[강연형] 제국대학의 조센징,블루윙즈95,100,정종현,정종현,오호라
381,[강연형] 제국대학의 조센징,위뤅스쿠타,80,정종현,정종현,오호라
382,[강연형] 제국대학의 조센징,love1533,100,정종현,정종현,오호라
383,[강연형] 제국대학의 조센징,Chivarly,100,정종현,정종현,오호라
384,[강연형] 제국대학의 조센징,끼욱,100,정종현,정종현,오호라
385,[강연형] 제국대학의 조센징,팜비어,100,정종현,정종현,오호라
386,[강연형] 제국대학의 조센징,estyu,100,정종현,정종현,오호라
387,[강연형] 제국대학의 조센징,골건적,100,정종현,정종현,오호라
388,[강연형] 제국대학의 조센징,노략질약탈,100,정종현,정종현,오호라
389,[강연형] 제국대학의 조센징,쁜년,70,정종현,정종현,오호라
390,[강연형] 제국대학의 조센징,나이스가이72,100,정종현,정종현,오호라
391,[강연형] 제국대학의 조센징,하윤파파,100,정종현,정종현,오호라
392,[강연형] 제국대학의 조센징,밤턴소년단,100,정종현,정종현,오호라
393,[강연형] 제국대학의 조센징,yangjan,100,정종현,정종현,오호라
394,[강연형] 제국대학의 조센징,아하하하하하하하,100,정종현,정종현,오호라
395,[강연형] 제국대학의 조센징,빽가짝꿍,100,정종현,정종현,오호라
396,[강연형] 제국대학의 조센징,이궁우궁,100,정종현,정종현,오호라
397,[강연형] 제국대학의 조센징,gakgak,100,정종현,정종현,오호라
398,[강연형] 제국대학의 조센징,뽀오뚜루추멘,100,정종현,정종현,오호라
399,[강연형] 제국대학의 조센징,baboss,80,정종현,정종현,오호라
400,[강연형] 제국대학의 조센징,비내림,100,정종현,정종현,오호라
401,[강연형] 제국대학의 조센징,ko콩bo1215,90,정종현,정종현,오호라
402,[강연형] 제국대학의 조센징,taisnlee,100,정종현,정종현,오호라
403,[강연형] 제국대학의 조센징,miltaiji,70,정종현,정종현,오호라
404,[강연형] 제국대학의 조센징,웅크린냥이,100,정종현,정종현,오호라
405,[강연형] 제국대학의 조센징,yikiyiki,100,정종현,정종현,오호라
406,[강연형] 제국대학의 조센징,Transurfer,100,정종현,정종현,오호라
407,[강연형] 제국대학의 조센징,카집,100,정종현,정종현,오호라
408,[강연형] 제국대학의 조센징,튀각먹깨비,100,정종현,정종현,오호라
409,[강연형] 제국대학의 조센징,부산기장갈매기들,80,정종현,정종현,오호라
410,[강연형] 제국대학의 조센징,중국와이파이,80,정종현,정종현,오호라
411,[강연형] 제국대학의 조센징,꿀펭수,100,정종현,정종현,오호라
412,[강연형] 제국대학의 조센징,쌀까마,100,정종현,정종현,오호라
413,[강연형] 제국대학의 조센징,은지연지,90,정종현,정종현,오호라
414,[강연형] 제국대학의 조센징,촛불하나더,100,정종현,정종현,오호라
415,[강연형] 제국대학의 조센징,2020미스맥심김환,100,정종현,정종현,오호라
416,[강연형] 제국대학의 조센징,애국보수끝년,100,정종현,정종현,오호라
417,[강연형] 제국대학의 조센징,Zimon,80,정종현,정종현,오호라
418,[강연형] 제국대학의 조센징,dhjr,100,정종현,정종현,오호라
419,[강연형] 제국대학의 조센징,maxday,100,정종현,정종현,오호라
420,[강연형] 제국대학의 조센징,완벽완전팟방,100,정종현,정종현,오호라
421,[강연형] 제국대학의 조센징,lke,100,정종현,정종현,오호라
422,[강연형] 제국대학의 조센징,아르미스,90,정종현,정종현,오호라
423,[강연형] 제국대학의 조센징,이슈타르님님,100,정종현,정종현,오호라
424,[강연형] 제국대학의 조센징,지니1234,100,정종현,정종현,오호라
425,[강연형] 제국대학의 조센징,hardstack7,100,정종현,정종현,오호라
426,[강연형] 제국대학의 조센징,짬짜면대장,100,정종현,정종현,오호라
427,[강연형] 제국대학의 조센징,뜬구름0,100,정종현,정종현,오호라
428,[강연형] 제국대학의 조센징,구니양,70,정종현,정종현,오호라
429,[강연형] 제국대학의 조센징,ryu5084,100,정종현,정종현,오호라
430,[강연형] 제국대학의 조센징,sexten,100,정종현,정종현,오호라
431,[강연형] 제국대학의 조센징,바른말쟁이,100,정종현,정종현,오호라
432,[강연형] 제국대학의 조센징,대룡리말바위,100,정종현,정종현,오호라
433,[강연형] 제국대학의 조센징,legacykh,100,정종현,정종현,오호라
434,[강연형] 제국대학의 조센징,놀아줘제발,100,정종현,정종현,오호라
435,[강연형] 제국대학의 조센징,필신기독야,100,정종현,정종현,오호라
436,[강연형] 제국대학의 조센징,rmsidr1,100,정종현,정종현,오호라
437,[강연형] 제국대학의 조센징,누커스,90,정종현,정종현,오호라
438,[강연형] 제국대학의 조센징,cromye12,100,정종현,정종현,오호라
439,[강연형] 제국대학의 조센징,하얀사슴,100,정종현,정종현,오호라
440,[강연형] 제국대학의 조센징,e설아,100,정종현,정종현,오호라
441,[강연형] 제국대학의 조센징,caesar88,100,정종현,정종현,오호라
442,[강연형] 제국대학의 조센징,kwonjkim,70,정종현,정종현,오호라
443,[강연형] 제국대학의 조센징,소달,100,정종현,정종현,오호라
444,[강연형] 제국대학의 조센징,pinktulip,100,정종현,정종현,오호라
445,[강연형] 제국대학의 조센징,nachbar3,80,정종현,정종현,오호라
446,[강연형] 제국대학의 조센징,우리가최욱이다,100,정종현,정종현,오호라
447,[강연형] 제국대학의 조센징,취중경,80,정종현,정종현,오호라
448,[강연형] 제국대학의 조센징,종윤의그날,100,정종현,정종현,오호라
449,[강연형] 제국대학의 조센징,전력질주80,100,정종현,정종현,오호라
450,[강연형] 제국대학의 조센징,peaceminus,100,정종현,정종현,오호라
451,[강연형] 제국대학의 조센징,YSCHOI17,100,정종현,정종현,오호라
452,[강연형] 제국대학의 조센징,블링블링불링,100,정종현,정종현,오호라
453,[강연형] 제국대학의 조센징,킹갓반페르시,100,정종현,정종현,오호라
454,[강연형] 제국대학의 조센징,뽀뚜루추멘,100,정종현,정종현,오호라
455,[강연형] 제국대학의 조센징,junsoo,100,정종현,정종현,오호라
456,[강연형] 제국대학의 조센징,니스테르,100,정종현,정종현,오호라
457,[강연형] 제국대학의 조센징,후후5168,100,정종현,정종현,오호라
458,[강연형] 제국대학의 조센징,fackcheck,80,정종현,정종현,오호라
459,[강연형] 제국대학의 조센징,매실청,100,정종현,정종현,오호라
460,[강연형] 제국대학의 조센징,인간극장도상현,100,정종현,정종현,오호라
461,[강연형] 제국대학의 조센징,wsxcgf,100,정종현,정종현,오호라
462,[강연형] 제국대학의 조센징,thestone,100,정종현,정종현,오호라
463,[강연형] 제국대학의 조센징,짱승히아로,100,정종현,정종현,오호라
464,[강연형] 제국대학의 조센징,아드리아노,100,정종현,정종현,오호라
465,[강연형] 제국대학의 조센징,고고잉,100,정종현,정종현,오호라
466,[강연형] 제국대학의 조센징,타우너터보1,100,정종현,정종현,오호라
467,[강연형] 제국대학의 조센징,chichi04,100,정종현,정종현,오호라
468,[강연형] 제국대학의 조센징,고트프리트,90,정종현,정종현,오호라
469,[강연형] 제국대학의 조센징,마음이음2,100,정종현,정종현,오호라
470,[강연형] 제국대학의 조센징,심심한걸,100,정종현,정종현,오호라
471,[강연형] 제국대학의 조센징,podcastcho,100,정종현,정종현,오호라
472,[강연형] 제국대학의 조센징,tonikroos,70,정종현,정종현,오호라
473,[강연형] 제국대학의 조센징,돌격돼지,80,정종현,정종현,오호라
474,[강연형] 제국대학의 조센징,initialj,100,정종현,정종현,오호라
475,[강연형] 제국대학의 조센징,김어준사랑해,100,정종현,정종현,오호라
476,[강연형] 제국대학의 조센징,숫사슴,100,정종현,정종현,오호라
477,[강연형] 제국대학의 조센징,이작까,100,정종현,정종현,오호라
478,[강연형] 제국대학의 조센징,이요르밥,80,정종현,정종현,오호라
479,[강연형] 제국대학의 조센징,mukujun,90,정종현,정종현,오호라
480,[강연형] 제국대학의 조센징,sksacyhpar,100,정종현,정종현,오호라
481,[강연형] 제국대학의 조센징,꼬꼬리코돌격대,100,정종현,정종현,오호라
482,[강연형] 제국대학의 조센징,혁명동지정동지짱,100,정종현,정종현,오호라
483,[강연형] 제국대학의 조센징,심심이190,100,정종현,정종현,오호라
484,[강연형] 제국대학의 조센징,이좃까야,100,정종현,정종현,오호라
485,[강연형] 제국대학의 조센징,건바이건,100,정종현,정종현,오호라
486,[강연형] 제국대학의 조센징,안산가영맘,100,정종현,정종현,오호라
487,[강연형] 제국대학의 조센징,swagger,70,정종현,정종현,오호라
488,[강연형] 제국대학의 조센징,마임,90,정종현,정종현,오호라
489,[강연형] 제국대학의 조센징,리비디비루바바,100,정종현,정종현,오호라
490,[강연형] 제국대학의 조센징,하브,100,정종현,정종현,오호라
491,[강연형] 제국대학의 조센징,꿈을볶는카페커피베이,100,정종현,정종현,오호라
492,[강연형] 제국대학의 조센징,아산둔포황소야,100,정종현,정종현,오호라
493,[강연형] 제국대학의 조센징,김대물,100,정종현,정종현,오호라
494,[강연형] 제국대학의 조센징,네이처파운드,100,정종현,정종현,오호라
495,[강연형] 제국대학의 조센징,궤물,100,정종현,정종현,오호라
496,[강연형] 제국대학의 조센징,곡고고곡곡고객님,100,정종현,정종현,오호라
497,[강연형] 제국대학의 조센징,페북루나,100,정종현,정종현,오호라
498,전쟁과 평화(요약본),심심한걸,100,김은정,톨스토이,잘 들을께요~~
499,전쟁과 평화(요약본),케에니이이이,100,김은정,톨스토이,잘 들을께요~~
500,전쟁과 평화(요약본),스칼렛K,100,김은정,톨스토이,잘 들을께요~~
501,전쟁과 평화(요약본),jjmview,100,김은정,톨스토이,잘 들을께요~~
502,전쟁과 평화(요약본),다이어트는힘들어,100,김은정,톨스토이,잘 들을께요~~
503,전쟁과 평화(요약본),소주두병꼼장어,100,김은정,톨스토이,잘 들을께요~~
504,전쟁과 평화(요약본),이송,100,김은정,톨스토이,잘 들을께요~~
505,전쟁과 평화(요약본),oscar,100,김은정,톨스토이,잘 들을께요~~
506,전쟁과 평화(요약본),아리까리요,100,김은정,톨스토이,잘 들을께요~~
507,전쟁과 평화(요약본),봄봄0207,100,김은정,톨스토이,잘 들을께요~~
508,전쟁과 평화(요약본),vemidvar,100,김은정,톨스토이,잘 들을께요~~
509,전쟁과 평화(요약본),안락동마카롱앤쿠키,100,김은정,톨스토이,잘 들을께요~~
510,전쟁과 평화(요약본),taisnlee,100,김은정,톨스토이,잘 들을께요~~
511,전쟁과 평화(요약본),리틀축구감독,100,김은정,톨스토이,잘 들을께요~~
512,전쟁과 평화(요약본),파올라,80,김은정,톨스토이,잘 들을께요~~
513,전쟁과 평화(요약본),네이스미스,100,김은정,톨스토이,잘 들을께요~~
514,전쟁과 평화(요약본),리비디비루바바,100,김은정,톨스토이,잘 들을께요~~
515,전쟁과 평화(요약본),아봉쓰,100,김은정,톨스토이,잘 들을께요~~
516,전쟁과 평화(요약본),뿡야뿡요,100,김은정,톨스토이,잘 들을께요~~
517,전쟁과 평화(요약본),사차원불여우,100,김은정,톨스토이,잘 들을께요~~
518,전쟁과 평화(요약본),Bia,100,김은정,톨스토이,잘 들을께요~~
519,전쟁과 평화(요약본),웨인웅이,100,김은정,톨스토이,잘 들을께요~~
520,전쟁과 평화(요약본),지구공주,100,김은정,톨스토이,잘 들을께요~~
521,전쟁과 평화(요약본),IKKAS,100,김은정,톨스토이,잘 들을께요~~
522,전쟁과 평화(요약본),영진최고,100,김은정,톨스토이,잘 들을께요~~
523,전쟁과 평화(요약본),부산기장갈매기들,100,김은정,톨스토이,잘 들을께요~~
524,전쟁과 평화(요약본),catnap,100,김은정,톨스토이,잘 들을께요~~
525,전쟁과 평화(요약본),나이스가이72,100,김은정,톨스토이,잘 들을께요~~
526,전쟁과 평화(요약본),조탕,100,김은정,톨스토이,잘 들을께요~~
527,전쟁과 평화(요약본),jiny103,100,김은정,톨스토이,잘 들을께요~~
528,전쟁과 평화(요약본),momo0511,100,김은정,톨스토이,잘 들을께요~~
529,전쟁과 평화(요약본),part2,100,김은정,톨스토이,잘 들을께요~~
530,전쟁과 평화(요약본),하마놈,100,김은정,톨스토이,잘 들을께요~~
531,전쟁과 평화(요약본),꼬미꼬미꼬꼬미,100,김은정,톨스토이,잘 들을께요~~
532,전쟁과 평화(요약본),비스트마린,100,김은정,톨스토이,잘 들을께요~~
533,전쟁과 평화(요약본),dokyunman,100,김은정,톨스토이,잘 들을께요~~
534,전쟁과 평화(요약본),이혼계약,100,김은정,톨스토이,잘 들을께요~~
535,전쟁과 평화(요약본),taleban,100,김은정,톨스토이,잘 들을께요~~
536,전쟁과 평화(요약본),겁나빠른달팽이,100,김은정,톨스토이,잘 들을께요~~
537,전쟁과 평화(요약본),천마돌이,100,김은정,톨스토이,잘 들을께요~~
538,전쟁과 평화(요약본),킹탄오브터갓스코,100,김은정,톨스토이,잘 들을께요~~
539,전쟁과 평화(요약본),사유의거처,100,김은정,톨스토이,잘 들을께요~~
540,전쟁과 평화(요약본),시립,100,김은정,톨스토이,잘 들을께요~~
541,전쟁과 평화(요약본),저는그러한면을삶아오지않았습니다,100,김은정,톨스토이,잘 들을께요~~
542,전쟁과 평화(요약본),벙직,100,김은정,톨스토이,잘 들을께요~~
543,전쟁과 평화(요약본),ironman08,100,김은정,톨스토이,잘 들을께요~~
544,전쟁과 평화(요약본),KNUT,100,김은정,톨스토이,잘 들을께요~~
545,전쟁과 평화(요약본),gakgak,100,김은정,톨스토이,잘 들을께요~~
546,전쟁과 평화(요약본),이복남,100,김은정,톨스토이,잘 들을께요~~
547,전쟁과 평화(요약본),하바롭스크,100,김은정,톨스토이,잘 들을께요~~
548,전쟁과 평화(요약본),gaeulachim,100,김은정,톨스토이,잘 들을께요~~
549,전쟁과 평화(요약본),김대물,100,김은정,톨스토이,잘 들을께요~~
550,전쟁과 평화(요약본),리버티스트,100,김은정,톨스토이,잘 들을께요~~
551,전쟁과 평화(요약본),앗싸라05,100,김은정,톨스토이,잘 들을께요~~
552,전쟁과 평화(요약본),변경닉네임,100,김은정,톨스토이,잘 들을께요~~
553,전쟁과 평화(요약본),빠라까라빠라,100,김은정,톨스토이,잘 들을께요~~
554,전쟁과 평화(요약본),욱이후배,100,김은정,톨스토이,잘 들을께요~~
555,전쟁과 평화(요약본),7790,100,김은정,톨스토이,잘 들을께요~~
556,전쟁과 평화(요약본),익산군,100,김은정,톨스토이,잘 들을께요~~
557,전쟁과 평화(요약본),pinktulip,100,김은정,톨스토이,잘 들을께요~~
558,전쟁과 평화(요약본),민둘아,100,김은정,톨스토이,잘 들을께요~~
559,전쟁과 평화(요약본),벅스턴,100,김은정,톨스토이,잘 들을께요~~
560,전쟁과 평화(요약본),baikmg,100,김은정,톨스토이,잘 들을께요~~
561,전쟁과 평화(요약본),Jaeyie,100,김은정,톨스토이,잘 들을께요~~
562,전쟁과 평화(요약본),마카오똑,100,김은정,톨스토이,잘 들을께요~~
563,전쟁과 평화(요약본),은세,100,김은정,톨스토이,잘 들을께요~~
564,전쟁과 평화(요약본),코끼리311,60,김은정,톨스토이,잘 들을께요~~
565,전쟁과 평화(요약본),213626,100,김은정,톨스토이,잘 들을께요~~
566,전쟁과 평화(요약본),jcwo1262,100,김은정,톨스토이,잘 들을께요~~
567,전쟁과 평화(요약본),미다진구,100,김은정,톨스토이,잘 들을께요~~
568,전쟁과 평화(요약본),ahdcl1020,100,김은정,톨스토이,잘 들을께요~~
569,전쟁과 평화(요약본),클린할줄알았냐새꺄,100,김은정,톨스토이,잘 들을께요~~
570,전쟁과 평화(요약본),nc다이노스우승,100,김은정,톨스토이,잘 들을께요~~
571,전쟁과 평화(요약본),iy56,100,김은정,톨스토이,잘 들을께요~~
572,전쟁과 평화(요약본),짬짜면대장,100,김은정,톨스토이,잘 들을께요~~
573,전쟁과 평화(요약본),maxday,100,김은정,톨스토이,잘 들을께요~~
574,전쟁과 평화(요약본),히히덕,100,김은정,톨스토이,잘 들을께요~~
575,전쟁과 평화(요약본),handrake12,100,김은정,톨스토이,잘 들을께요~~
576,전쟁과 평화(요약본),yuj0715,100,김은정,톨스토이,잘 들을께요~~
577,전쟁과 평화(요약본),꺆꺆꺆,100,김은정,톨스토이,잘 들을께요~~
578,전쟁과 평화(요약본),마음이음2,100,김은정,톨스토이,잘 들을께요~~
579,전쟁과 평화(요약본),YSCHOI17,100,김은정,톨스토이,잘 들을께요~~
580,전쟁과 평화(요약본),호이호이슈슈,100,김은정,톨스토이,잘 들을께요~~
581,전쟁과 평화(요약본),쌀까마,100,김은정,톨스토이,잘 들을께요~~
582,전쟁과 평화(요약본),히든인천러브,100,김은정,톨스토이,잘 들을께요~~
583,전쟁과 평화(요약본),아산둔포황소야,100,김은정,톨스토이,잘 들을께요~~
584,전쟁과 평화(요약본),히키코모리11,100,김은정,톨스토이,잘 들을께요~~
