,nickname,created,review
0,신사동댕댕이,2020.11.17,원래 띄엄띄어 읽어주는건가요? 처음이용해보는데 뭔가 불편하네요
1,착한 나르시스트_339074,2020.11.10,아... 오디오북은 연예인이고 뭐고 성우분들이 하는게 최고라는걸 느꼈네요.
2,우수한 꿈쟁이_982362,2020.11.06,서유리성우의 목소리가 달러구트꿈백화점 분위기와 참 잘어울리네요. 아껴듣고싶어요
3,특별한 도깨비_863371,2020.12.01,완독본 아닌가요??
4,비타민77,2020.11.30,전체가 아니라ㅜㅠ
5,비우고덜고,2020.11.29,자신의 성향대로 선택할 수 있게 해주세요~~저는 전체내용을 모두 오디오로 듣고싶어욧!!!
6,대복이엄마,2020.11.28,어째 짧드라. 뭐랄까 바보취급당한 이 기분
7,꼼꼼한 셀럽_346101,2020.11.27,이거 오디오북 뭐예요 다 뛰어넘어서 읽고 ㅡㅡ..
8,히릿히릿:D,2020.11.27,차라리 하나의 에피소드를 온전히 읽어주는게 나을거같아요. 역시 성우가 읽어주는게 좋아요.
9,로이파더,2020.11.27,와..다 뛰어넘네요
10,독한 컨설턴트_784155,2020.11.26,"그러게요. 막 뛰어넘어서 읽네요.
이게 몬가요?ㅠ"
11,cancerian73,2020.11.26,왜  맘대로 거너뛰죠?못듣겠어요
12,재미있는 활자 중독자_567056,2020.11.26,듣다보니 이상해서 확인해보니 중간중간 건너뛰네요  이게 뭔가요
13,수퍼매니아,2020.11.24,서유리님의 목소리가 역시 스토리텔링에 딱이네요. 매우 좋았습니다.
14,미니멀한걸,2020.11.23,출근길에 오디오북 들으며 걸으니 좋네요..
15,뽀대나,2020.11.22,책을 중간중간 읽어주네요......윌*이랑은 달라요.ㅠㅠ
16,miniminui,2020.11.22,"첫 오디오북 도전! 흥미롭네요^^
가볍게 읽기 좋은 내용이에요~"
17,재미있는 컨설턴트_903703,2020.11.21,"책이 재미있어서 금방 읽었어요
오디오북이 처음이었는데 부분부분읽어줘서 그냥 읽었네요"
18,ggomi_331,2020.11.21,오디오북도 매력적이네요! 내용이 짧아서 아쉽지만 재밌었습니다!!!
19,책읽는 떼노레 1976,2020.11.21,성우배우분 목소리 연출이 돋보이는 오디오북이었습니다. 근데 내용이 너무 짧네요
20,해밝은jw,2020.11.19,목소리연기는 좋으나.. 낭독부분은 발음이 새어서 몰입도를 떨어뜨리네요.ㅠ
21,씽크와무지개,2020.11.19,성우분이 말해주셔서 지금까지 들은 책들중에서 가장 실감나고 집중도 잘되고 재밌었어요!
22,라유니,2020.11.18,성우분이 다양한 목소리로 인물들을 표현해주니까 상상도 더 잘되고 집중하게 됐어요ㅎ.ㅎ!
23,하나윤아빠,2020.11.18,꿈이야기를 달콤하고 감동적인 내용으로 내마음속에 저장~또 읽을게요~
24,행복뚝뚝,2020.11.18,서유리 성우님의 목소리가 너무 좋네요!!책과 잘어울려요!
25,파드와,2020.11.17,힐링이 되는 오디오북!
26,인생의도움이되는독서,2020.11.16,어릴때 생각나네요 8살때까지 엄마가 책읽어줬는데... 책은 읽어주는게 가장좋은거같아요 개인
27,ssongpd0118,2020.11.15,다 좋았는데..막심을 노파처럼 읽으신게 아쉽네요 막심은 훤칠한 청년으로 묘사되어 있는데요
28,천수사,2020.11.15,지직지직거려요...
29,소공녀세라,2020.11.14,"유리님 목소리로 들으니 참 좋네요
다들었지만 몇번더 다시 듣고싶어요^^"
30,솔직한 생활인_620542,2020.11.14,책이 원래 짧은건거요 아니면 일부만 읽어주는건가요?
31,아직도 그대는 내사랑,2020.11.13,"순서대로 읽혀지지 않고
마음대로 넘어가는것은 왜 일까요?"
32,세계적인 활자 중독자_996072,2020.11.12,통신오류로 다운이 안돼요..
33,샬랄라라,2020.11.12,성우가 읽어주니 확실히 다르네요.. 읽는거보다 듣는게 더 와닿네요..
34,인더로드,2020.11.12,이런 책은 확실히 성우가 읽어주시는게 감동이 더 많은듯해요^^
35,킹가리,2020.11.10,"다시 한번 
이런 이야기가 필요한 계절이 돌아왔다."
36,이모레,2020.11.09,"사는 게 좋기만 했던 사람은 아무도 없대! 나는 좋기만 했는데! 
좋았다니 다행이야"
37,베리정,2020.11.08,마지막 아이 부분에서 눈물이 그렁그렁
38,유명한 시인_895379,2020.11.08,힐링 맛집
39,카이군,2020.11.08,서버 오류 났습니다 지원하지 않는 파일이라는 메시지 뜨며 아예 재생이 안되네요
40,여유로운 마스터_854549,2020.11.07,서유리 성우님 목소리 최고예요 화이팅
41,ASHBEE,2020.11.06,후반부의 담담한 할머니와 천진한 아가의 꿈을 꾸는 사람과 대비되어 울만큼 슬펐습니다.
42,지혜로운 활동가_1004185,2020.11.05,힐링하세요 :)
43,재미있는 천재_1343837,2020.04.10,역시채사장
44,Hues ,2020.04.13,어려운단어조합
45,빛나는 패셔니스타_299049,2020.04.15,생각보다편향적논리라실망
46,댕댕이나만없어,2020.11.30,겉만 번지르르하고 정말 얇은 썰... 프롤로그라 후속편까지 본 후 다시 평가해봐야겠어요
47,곰곰미,2020.11.26,어렵습니다.ㅠㅠ 철학적인건지....과학적인건지...
48,순한땡글이_173637,2020.11.25,세상을 새롭게 바라보는 시각을 제시하는 책.
49,외로운 시인_620159,2020.11.24,잘 정돈된 책. 한국판 사피엔스
50,미니멀한걸,2020.11.18,한번 더 들어야겠어요..어렵네요^^;
51,독서계획,2020.11.15,오디오북으로 사전 이해하고 텍스트북을 읽어 보려합니다 관념을 깨는데 도움이 됐습니다!
52,대단한 셀럽_614726,2020.11.12,소름돋도록 감동적입니다
53,핑크미,2020.11.09,오디오가 왜 안나올까요..
54,소금장수 Vak,2020.11.07,오랜만에 듣는 채사장 목소리... 간단하게 정리해 주네요... 깊이 파고드는 것은 자기 몫
55,책랑,2020.11.05,가벼운 제목 뒤에 사상 이야기...대학교 철학 전공책을 읽는 것 같네요...
56,갑자기독서광,2020.10.29,아하 그렇군요. 어렵네요.
57,jcleenim,2020.10.27,세상속에 마음을 들여다 보기
58,깽쓰,2020.10.26,흠..  반복해서 몇 번은 들어야겠어요ㅠ
59,위트있는 셀럽_934613,2020.10.25,자의식 과잉에 편향적이고 프롤로그에서 이야기한 것의 실패사례를 보려주는 책
60,Kaysh,2020.10.18,어렵다 어려워
61,부처,2020.10.16,"오디오북으로 접햇는데, 진짜 '넓고' '얕은' 책이다. 조깅하면서 한권씩듣는데 남는것 없다"
62,육각기둥,2020.10.09,"지대넓얕 1,2 너무 좋아서 0편 읽었는데
남는게 별로 없는 기분이 들었어요..."
63,하루딱10분만,2020.10.08,어려울 수 있는 내용을 잘 풀어서 설명해주시네요 여러번 읽으면 도움 많이되겠어요
64,매력적인 글쟁이_1262258,2020.10.08,처음으로 세계지도 그려보고 긴~ 숨으로 읽어갑니가- 날로 새론 생각 기대합니다!!!
65,루모스맥시마,2020.10.05,남은것은 없었다..
66,똑똑한 나르시스트_973583,2020.10.04,나의 세계관에 대해 생각해보게 만든다. 오디오북은 책의 인트로만 들은 느낌이다. 아쉽다.
67,정직한 실력자_605478,2020.09.29,채사장님 성우는 하시면 안될 거 같습니다
68,잡식성다독가,2020.09.28,왠만하면 오디오북 말고 직접 읽는 것을 권함.
69,유별난 아정님,2020.09.23,넓지만 얖지는 않아서
70,윌황,2020.09.22,1권보단 지루하다
71,ttest,2020.09.17,👌👌👌👌👌
72,ttest,2020.09.16,테스트입니다
73,Neyo,2020.09.16,치ㅗㅜㅠㅎ푷햐ㅠㅑ
74,Neyo,2020.09.16,ㅌ휴ㅜㅠㅓ허
75,Neyo,2020.09.16,ㅌㅍㅍㅍ휴ㅠ
76,막달라,2020.08.19,구시대적오류를너무많이내포
77,실행,2020.08.16,시간이 아깝다
78,고구마 킴,2020.07.01,이미알고있는말반복
79,위대한 세미,2020.06.27,각자의세계관
80,외로운 예언자_581086,2020.06.11,목소리땜에 집중안됨
81,착한 시인_902484,2020.05.28,좌파책이라니읽지도않았네
82,설로인,2020.05.22,제목그대로
83,Joyce_usoon kim,2020.05.16,지적 대화를 위한
84,유의,2020.05.08,세계관 확장
85,유의,2020.05.08,여긴누구 나는어디
86,NANAMY,2020.05.07,채사장❤️❤️
87,유명한 도깨비_746993,2020.05.06,문과는과학얘기좀안했으면
88,비범한 아티스트_286857,2020.04.24,팟캐스트로컴백해줘요
89,비스트로펍풍미,2020.04.18,#쉬운설명
90,청주불주먹,2020.09.28,처음에는 제목이 감성적이라서 시집인 줄 알았는데 반전 넘치는 책인 줄 처음알았네요!
91,호랭이떡,2020.10.08,주인공과 엄마가 싸울 때 가슴이 먹먹해졌어요
92,미오새,2020.10.10,"같은 글, 같은 감성 일거라 기대하게 돼"
93,peterpan78,2020.11.28,오디오북으로 읽기에는;; 갑자기? 뭐 이런 느낌;;
94,지혜가 쌓이는 시간,2020.11.25,누군가의 희생으로 이룬 가정이 행복할 리 없다... 늦게나마 용기낸 그녀에게 응원을 보낸다
95,조심스러운 소설가_317586,2020.11.24,"""내가 쓸모없는 사람이라서..."" 라는 말을 속으로 삼키는 장면에서 가슴이 먹먹합니다."
96,외로운 시인_620159,2020.11.24,읽다보면 가슴이 먹먹해지는 순간이 있다
97,킹가리,2020.11.20,주인공이 이기적이라구요? 주인공을 돌아봐주지않는 식구들이 더 문제 아닌가요?
98,외로운 예언자_581086,2020.11.18,잘들었습니다
99,벙커뜨리,2020.11.17,"완독 맞나요?
앞부분만 나오는것같은데, 재밌어지는데 끝나네요ㅠ"
100,외로운 소설가_865616,2020.11.12,주인공이 너무 이기적이어서 공감은 잘 안갔어요
101,고운 달빛,2020.11.11,생생한 표현안에 몰입해서 들었습니다.
102,소금장수 Vak,2020.11.07,옆에 앉아서 살아온 얘기를 듣는 느낌이었어요.
103,유리와앙,2020.11.06,지우개로 지워진 연필 자국처럼 끝난 결말이 앞으로 어떻게 채워질까 궁금하네요
104,열공그녀,2020.11.02,마지막 선택에 제가 다 행복해 졌습니다. 2부가 시작 되면 어떨까요? 내남편 내자식..등장
105,열공그녀,2020.11.02,계속 내 얘기인가? 너 얘기인가? 저는 오디오북 아닌 제가 직접 읽었는데요
106,행복해라 얘들아,2020.10.31,가족은 바라는 것이 생기고 해줘야 하는 것이 생기는 죽을 때까지 탯줄로 연결된 관계인 듯.
107,현명한 마음부자_1125688,2020.10.30,다른 사람도 힘든거 알지만 나도 힘들어
108,몽쉘빠,2020.10.28,"작가님께서 읽어주셔서 몰입도 괜찮은 편.
나를 위해 사는게 결코 이기적이지만은 않은.."
109,진고래,2020.10.25,그냥 좋아요
110,모모짜응,2020.10.23,너무울컥 했네요...ㅠ
111,그러한잠시소녀,2020.10.21,내게도 필사 노트 몇권 있는데..열정을 가지고 필사하던 그 시절을 추억하며 잘 읽었습니다.
112,적다,2020.10.21,겪었던 일도 있고 겪어야 할 일임에 숨이 막히기도 했지만 결국은 나아갈 수 있음을 알고있다
113,무한긍정소녀,2020.10.18,오디오북은 처음인데 괜찮았어요:)
114,밀리오네,2020.10.17,파란만장한 인생사! 다음 정류장은 행복이 가득한 꽃길 정류장이길...
115,현명한 여행가_8899,2020.10.16,"희생의 길을 가시다가
다시 자기길 가게됨 완전 응원합니다
읽는 내내 가슴이 찡했음"
116,현명한 명사_744578,2020.10.16,다음정류장도 다다음정류장도 담담하게 멋지길 작가님 응원합니다~ 읽다보니 꼬맹이들일어날시간ㅋ
117,하나인1,2020.10.14,책으로 마져 읽고 싶네요
118,매일매일 한줄,2020.10.14,나는 나로 살고싶었다.
119,독한 꿈쟁이들,2020.10.12,음...잘모르겠다요
120,오예를 날마다 삶속에,2020.10.08,목소리가 어린아이같이 들리내여
121,쿵야쿵,2020.10.08,오디오북 첫마디가 끊겨요 ㅜㅜㅜ
122,독한 예언자_246508,2020.10.07,필사책인줄 알았는데 소설책이네요!저자님이 읽어주시니 주인공이 읽어주는 기분이었어요!잼나요
123,멋진 컨설턴트_509302,2020.10.26,치사빵꾸 종이책은 집에 둘데도 없는데 종이책 구독하는 사람만 들려준다네 나참...
124,시골촌넘,2020.11.05,종이책 구매자만 오디오북 들을수 있다면 왜 여기다???
125,위트있는 음유시인_567967,2020.11.20,왜 오디오북이 스토리를 건너뛰며 읽어주나요. 이상함
126,펭강,2020.11.29,"종이책으로 시작해 이야기의 지속이 궁금하여 새벽녘 전자책으로 읽다, 종이책으로 완독하였어요"
127,간Zl 뿡빵시인,2020.11.23,해외 구독자라 종이책구독은 불가능한데.. 속상하네요..
128,재능있는 음유시인_993213,2020.11.20,정말 좋아요
129,토끼맘3484,2020.11.12,너무하네요 종이책 구매자만 헐
130,헬레나이슬,2020.10.12,오디오북듣고 너무 흥미진진해서 전자책으로 금세 다 읽게 되었습니다
131,라미,2020.10.01,한예리분 목소리로 들어서 그런지 더 흥미진진하네요 전자책으로 마져 읽어야겠어요 ㅎㅎ
132,돌연변이,2018.12.28,요조님 리딩북 또해주세요
133,미미모모,2020.02.04,요조 잘한다
134,graynblue,2020.01.17,라디오 같은 느낌
135,리샐,2020.11.30,"요조님의 차분하고 담백한 목소리가 
책과 완벽하게 어우러진다. 다시 읽고 싶은 책."
136,유나리1,2020.11.28,책을 듣고싶은건데 초반부터 개인의견과 부연설명이 길어서 지루합니다...
137,소금장수 Vak,2020.11.08,편안하게 들을 수 있네요..
138,용투북,2020.11.05,잠들때 말고 생각이많아질때 들으니까 힐링되고 좋습니다!
139,하나인1,2020.10.31,요조님 목소리가 차분해서 좋아요
140,keloid,2020.10.27,위로가 되네요. 당장 내일아침에 사표를 던지고 싶은 느낌.ㅋㅋㅋ
141,오늘도 행복한 하루,2020.10.11,참 듣기가 조으네요
142,발전하는클라우디아,2020.09.28,요조님 목소리 좋고. 내용도 좋아요
143,람준,2020.04.22,철학자이름은나오는데
144,sseooo,2020.03.14,낮에들어도꿀잠
145,아디이텀,2020.02.08,철학에 관심을 갖게 되다
146,성공한 컨설턴트_1273907,2019.11.14,철학이해하기좋아요
147,위트있는 작가_1175523,2019.09.21,철학의 인생 대입 시작
148,ㅇㅅㅇ11,2019.01.21,철학은위로다
149,호기심 많은 주인공_682036,2020.11.03,잊으려고만 했던아프고 후회스러웠던 기억들이... 잊지마.잊지말고.이겨내..
150,보라슈팅스타1120,2020.10.28,사이코지만 괜찬아에서 봤는데 궁금해서 볼려고 용
151,보라슈팅스타1120,2020.10.29,일등은 나다!!!!
152,뇨뇨니,2020.11.30,“잊지마. 잊지말고 이겨내.”
153,제 몫의 빛으로 환하게 비출테니,2020.11.23,오정세 배우님께서 읽어주셔서 더 좋았어요~!
154,블랙캣,2020.11.19,끔찍한 기억만 잊으면 그 끝은 행복할 줄 알았는데...
155,nike shoes,2020.11.18,"고통스러운 기억들, 영혼의 성장의 양분으로 삼아 행복한 어른이 되자."
156,얼음사탕,2020.11.15,잊지 말고 이겨내
157,낭독,2020.11.15,내용이 좋아요
158,하이후에호,2020.11.09,이건 모바일에서만 들을수있네요. pc에서도 들을 수 있었으면 좋겠어요
159,Benjaminspin,2020.11.08,오정태님 목소리로 들으니 좀더 명확히 들리네요. 책이 하고자 하는 이야기가요.
160,킹가리,2020.11.07,"이야기는 좋은데, 삽화가 무서워요"
161,명묭이,2020.11.05,드라마 속에 나왔던 동화중 제일 좋아하는 이야기.
162,정화당,2020.11.04,"오정세님이 읽어줘서 너무 행복하게 들었습니다.
이런게 소확행이겠죠? ㅎㅎ"
163,종강줘,2020.11.01,드라마에서도 봤었는데 동화책이 전하고자 하는 이야기가 참 좋아요 이겨내야 행복해진다!
164,똠똠이,2020.11.21,역시 옥주현언닝👍🏻👍🏻👍🏻 집중도 잘되고 너무 즇아
165,해바라기꽃잎,2020.11.24,너무 좋네요.  쉬는 날에 집에서 읽었는데 마음이 차분해지고 다른 책도 읽어보고 싶네요.
166,차향,2020.11.22,집돌이 경험자로 매우 공감되구 옥주현님 목소리로 들으니 더욱 편안히 와 닿습니다.
167,형이야*,2020.12.01,"무기력하다면 움직여라, 움직이기 시작했으면 계획을 세워라"
168,일러스트레이터 베시시,2020.11.30,천천히 다시 일어날 수 있도록 차근차근 응원해주는 좋은 목소리와 좋은 글 잘읽었습니다
169,지이즈,2020.11.30,"다소 모범답안 같은 이야기지만,  모두가 공감할 수 있는 이야기"
170,대단한 성인군자_940985,2020.11.29,"옥주현씨를 뮤지컬에서 보다가 여기서 목소리로 뵈니 새롭네요.
목소리 짱입니다."
171,su_minory,2020.11.28,1장 중 인생의 클로징을 생각하다 부분이 지금 저의 상황과 너무도 비슷하네요 위로받고갑니다
172,김남,2020.11.28,잘들었습니다~~목소리 너무좋아요
173,어벙똘똘,2020.11.27,귀엽고 따듯한 그림과 함께하는 전 카페사장 현 그림쟁이 백수녀의 삶 추스르기.
174,peterpan78,2020.11.27,전에 서점이 갔다가 나중에 꼭 읽어봐야지 했던 책인데 이렇게 가볍게 읽을 수 있어서 좋네요
175,무명의무명,2020.11.27,편하게 잘 들었어요. 차분해지네요
176,미니멀한걸,2020.11.26,가볍게 잘 읽었습니다!!
177,juliy,2020.11.25,가볍게 읽었다가 저도 모르게 눈물이 났어요. 위로받은 기분이에요.
178,킹가리,2020.11.22,이런분들 요즘에 더 많으실 듯. 힘내세요!
179,5B2F,2019.02.13,이게 왜 베스트셀러?
180,순수한 창의력 대장_668119,2019.02.19,맞는말이긴 한데...
181,지혜로운 작가_539062,2019.02.17,단번에  휙 다  읽음
182,개구진 여행가_830520,2020.11.30,공감가는 부분이 많아서 참 재밌게 봤네요.
183,곰곰미,2020.11.26,읽을때만큼은 마음의 안정을 갖게되는책..
184,닉송과나무,2020.11.22,왜 읽었는지 잘 모르겠다.
185,dlwngks26,2020.11.07,마음은 찔리지만 이렇게 살고 싶지는 않다.
186,해내는 자녀,2020.11.07,하마터면 끝까지 읽을 뻔 했다
187,독서하는 노예,2020.10.31,속칭 말하는 '괜찮아 청춘이야' 같은 노예의 도덕을 심어주는 책 아닌가
188,유명한 여행가_683313,2020.10.31,머리아프지않고 쉽게 읽을수 있는 책
189,매력적인 패셔니스타_1126285,2020.10.29,난 열심히 살아야겠다...
190,몽쉘빠,2020.10.28,토크라디오 듣는줄.. 오디오북 5분도 안듣고 끔. 시간되면 책으로 읽어볼 생각.
191,키드밀리의서제,2020.10.27,인생을 사는 하나의 방식을 소개받은 것 같아 좋았습니다.
192,조용한숲,2020.10.27,"세상에는 이런 사람도 저런 사람도 있다.
다양성을 인정하자."
193,da1ove,2020.10.26,대화말거 책을 읽어달라구오...
194,헬레나,2020.10.22,"새책 나왔나 싶으면 표지 그림만 바뀐책
다시 한번 달려주세요!"
195,하얀커텐,2020.10.21,이게 어찌 베스트가 됬을까. 제목만?
196,Trillionaire,2020.10.15,이미 경쟁에서 패배한 자의 변명
197,유명한 청춘_357391,2020.10.12,제목이 참 좋다
198,하늘과바람과별,2020.09.28,조금은 천천히.. 그래도 괜찮아
199,책좋아하는여자,2020.09.27,심리를 잘 건드린 책
200,JoyfulDream,2020.09.27,뭔이런 쓰레기 같은
201,핼로헤일리,2020.09.26,금방 읽을 수 있는
202,느린 굼뱅이,2020.09.25,인생은 좋은 학교가고 직장가고 결혼하고 노후 준비하는 것이 아니다. 인생은 여행이다
203,세계적인 마스터 공이,2020.09.25,그래도 열심히 살기로 했다.
204,멋진살구,2020.09.25,열심히 살아본 사람의 지난삶의 방편록.
205,쿠이칠,2020.09.24,하마터면 안읽을 뻔했다
206,두치와 뿌꾸,2020.09.24,바람처럼 순식간에 한권을 모두 읽어버렸다.
207,여유시간,2020.09.23,퇴직한 40대 남자의 일기장
208,선빵,2020.09.23,다 읽고 나니 내가 너무 열심히 읽은 느낌?
209,호기심 많은 꿈쟁이_83801,2020.09.23,"이런책만 베셀인거 진짜 짜증난다 .,"
210,민지는 독서가,2020.09.23,음 그냥 저냥한 책이네요 틈틈이 읽기 좋네요
211,핑크까멜리아,2020.09.23,제목만 힐링!
212,책 읽는 양뚜,2020.09.22,열심히 살아본 사람이 읽으면 좋은 책
213,외로운 성인군자_763340,2020.09.22,너무 죠아요
214,새로운 성인군자_1287101,2020.08.26,그냥 책만 읽어줬으면
215,betterthannothing,2020.08.15,오디오북말고딴거읽으세요
216,위트있는 소설가_389704,2020.08.04,속이 뻥뚤리는 글
217,부드러운 개척자_421584,2020.07.26,고민해봐야할사소한주제들
218,부드러운 개척자_421584,2020.07.26,감성을잘다듬어넣은책
219,부드러운 개척자_421584,2020.07.26,오디오북여성분좀불편
220,쿠이칠,2020.07.18,열심히읽어버렸네
221,강한 시인_196020,2020.07.09,회피형인간
222,강한 시인_196020,2020.07.09,자기합리화
223,강한 시인_196020,2020.07.09,별로안와닿음
224,눈빛만봐도알수있잖아,2020.05.13,인생잠시쉬어가기?
225,트리콩,2020.05.12,열심히말고재밌게살자
226,콩이씌^^,2020.04.23,읽을수록 뒤가 더궁금함
227,재능있는 청춘_1224,2020.04.02,제목이다함
228,kathylee,2020.03.27,열심히읽은책.찰나지만행복
229,윌리엄_경,2020.02.14,쉬어도괜찮아
230,윌리엄_경,2020.02.14,팟빵같음가볍게듣기좋다
231,풍뫼,2020.01.23,웃습네미혼만재밌네
232,댕댕이나만없어,2020.01.19,건질건 제목 짓는 법
233,사브작,2020.01.17,널뛰는생각들이자릴찾네
234,매일매일 한줄,2019.10.24,인생은 방향성?!
235,haaaaavely,2019.08.16,적당히가제일어렵지
236,숨니,2019.06.08,틀린말은아닌데...
237,남다른 지은이_217047,2019.05.22,너무 자조적이에요
238,꼼꼼한 소설가_775409,2019.04.19,쇼생크탈출자살안함
239,Bellasia_67,2019.04.16,첫장부터마음이쿵
240,백만스물둘,2019.03.09,재미만있고만추천
241,히록메로,2019.02.27,하마터면읽을뻔했다
242,건강한 아티스트_589040,2019.02.21,감사합니다
243,매력적인 소설가_112318,2019.01.17,팟빵인줄  제취향은아님
244,당나귀,2019.01.11,다독다독 짱
245,우수한 셀럽_422707,2019.09.28,다읽어주는게아니네요
246,안윤정98,2019.12.26,다읽어주라
247,대단한 스타_1104692,2020.03.16,24퍼센트에서 안넘어가요
248,순도리,2020.11.18,"이미 완독한 책이라 오디오북 들어보니...
역시 책은 내가 읽고 생각하며 느끼는 거임을.."
249,꼼꼼한 고수_354608,2020.11.15,요약본이네요.... 요약본이라고 표시좀 해주세요
250,고운 달빛,2020.11.11,정확한 딕션으로 잘 읽혀지네요
251,벨라5,2020.11.11,역사를 연구하는 것은 지평을 넓히고 우리가 상상하는 것보다 더 많은가능성이 있다는 것.
252,소금장수 Vak,2020.11.08,52%에서 멈춰서 아쉽습니다. 나머지는 나의 몫...
253,똑똑한 이상형_417715,2020.10.28,원래 책의 1/4밖에 안됨.. 이거 듣지 말고 그냥 눈으로 읽으세요
254,멋진 컨설턴트_509302,2020.10.27,그럼 요약본이라고 써놔야 되는 거 아닌가요 흠 여기 첨인데 모든 책이 다 이런가요?? 당황
255,멋진 컨설턴트_509302,2020.10.27,첨엔 오류라고 생각했는데 나중 생각해보니 일부러 그런 거 같네요?
256,멋진 컨설턴트_509302,2020.10.27,이거이거 기대하고 다운받았는데 막 뛰어 넘네요... 헐.. 이걸 어떻게 받아들여야 하나..
257,지니1019,2020.10.10,중간에 끝나서 아쉬워요 ~~ ㅜㅜ
258,Systematic,2020.10.10,짧아서 아쉬움 ㅠ
259,Hyeyumpa,2020.10.03,어딴 책인가에 대한 간략한 내용입니다. 본책 읽기 전에 들어보는 것도 좋을 것 같네요
260,무자비한 정복자,2020.09.30,딱 중간만 읽어주는군요 뭐 좋아요 책은 눈으로도 읽는 재미가 있죠 여유있게ㅋ
261,웅구,2020.09.29,저 그냥 차근차근민준씨가 계속 읽어줬음 좋겠는데 이어 읽기하면 다시 장기하가 읽고ㅠ
262,황맘,2020.09.28,정말 잘 만든 책임. 문장 흡입력과 각종논거가 마음에 듬. 다만 조금 길다는 느낌은..
263,부드러운 마음갑부_391825,2020.09.27,사피엔스 들으려고 가입한건데 완독이아니라뇨..ㅜ그리고 제발 연예인말고 전문 성우써주세요제발
264,새로운 마스터_226063,2020.09.26,이거 왜 읽다 말아요???
265,지혜로운 스타_1268022,2020.09.25,본 책을 다 읽어봐야 책의 진가가 나온다
266,선빵,2020.09.23,지식 쌓는데 도움
267,밤톨대디,2020.08.13,다 읽어주지 않고 대충
268,깊은평화,2020.08.11,#다 읽어주는게 아니넹ㅛ
269,강한 글쟁이_729540,2020.08.05,#무엇을원하고싶은가
270,유명한 꿈쟁이_5109,2020.04.23,#오디오북 에러가 속출
271,stella906,2020.04.22,오디오멈췄어요
272,꽃솔,2020.04.07,읽다말아왜
273,봉보리,2020.03.13,다작가생각일뿐인데
274,아킬리우스,2020.03.12,52프로에서 끝나요
275,특별한 주인공_1332202,2020.03.11,중간에 끊기는데??
276,유명한 마스터_656193,2020.02.27,책읽어드립니다
277,부드러운 활자 중독자_300082,2020.02.26,종이책도 구매했어요
278,독도야잘잤니,2020.02.10,인간의이해
279,밝은 지은이_135780,2019.12.20,난리더가별로
280,문미,2019.12.15,장기하님리딩북맛집
281,어르스펀데르시제앙무스훈,2019.12.08,생각보다 재밌음
282,대단한 지식인_1311096,2019.11.08,글자수제한 ㅈ같네
283,조심스러운 고수_124606,2019.11.03,책읽어드립니다보고왔어요
284,밝은 도깨비_1309701,2019.10.21,멋진 신세계
285, Delika,2019.10.09,장기하님목소리가귀에쏙쏙
286,별바라기,2019.10.09,이해못하고 순삭
287,지혜로운 셀럽_957158,2019.10.06,리딩북너무빨라요
288,조선식 빌게이츠,2020.11.29,"사실 반 공상 반, 모두 사실이라 생각하기보단 비판적 독서를 권장합니당"
289,이시루떡아,2020.11.12,예전이 읽었던 책인데 다시한번 들으니까 이해가 더 잘되네요
290,클래식과 영화 러버,2020.11.11,표창원님 만의 목소리 톤 덕분에 집중이 잘 되는데 내용이 너무 스킵 한 느낌이라 아쉽네요
291,miimii23,2020.11.17,목소리는 충분히 몰입도가 있었지만 이야기가 너무 간략되어있어서 딱히 감명은 없었네요...
292,올리비아_L,2020.09.23,아 종이 구독자만 볼수있다니....ᕙ(⇀‸↼‶)ᕗ
293,킹가리,2020.11.28,역시 성우가...
294,좋은밤 좋은아침 좋은점심,2020.11.13,악을 만드는 사람을 가려낼 수 있는 능력자가 추리 소설을 읽은 후 '나는 아니군' 깨닳았다
295,소금장수 Vak,2020.11.07,잘 들었지만... 추리소설은 읽으면서 머리 속으로 생각하는게 더 좋은 것 같아요.
296,동탄역노숙자이불뺏는엄준식,2020.11.01,뭔가 아쉽다는 말이 다 보고 나니깐 이해가 됨 뒷내용 좀만 더 써주징
297,멍재은,2020.10.31,시간 가는줄 모르고 읽었어요^^
298,마음의 평화 아델라,2020.10.28,"오디오 북은 완독안하나요?
그럼 정기구독 의미가..."
299,ANGRYBEAR,2020.10.27,책은 재밌음. 오디오북은 연기력이 ㅠ..
300,깽쓰,2020.10.27,"책으로 읽었을때와는 또 다른 매력이 있는~~
아마 표창원님의 목소리라 느낄수있었던 듯^^"
301,capriccioso,2020.10.25,읭? 여기 오디오북은 띄엄띄엄 읽어주는 건가요..?
302,하나인1,2020.10.18,"표창원님이 읽어주셔서 재밌게
잘 들었습니다"
303,강직한 아티스트_297470,2020.10.17,흥미롭긴 하지만 아쉽다는 말에 공감되네요..!
304,하나인1,2020.10.17,"추리소설 오랫만이네요
본문으로 다시 읽어보고 싶어요"
305,유뎅쓰,2020.10.15,표창원님의 연기가 더더욱 책에 파져들게해요 잘들었습니다!
306,짜야!!!,2020.10.06,흥미롭긴...한데 뭐가 좀 아쉬워.ㅜㅜ
307,하나인1,2020.10.12,술술 읽히는 책! 재밌네요
308,위트있는 활동가_837704,2020.10.21,내 삶을 들려주었을 때 다른 사람은 어떤 생각을 할까? 라는 생각을 들게해주는 책.
309,세계적인 컨설턴트_880397,2020.10.22,좋은내용이에요
310,미니멀한걸,2020.11.27,오며가며 술술 잘읽히네요.
311,꼼꼼한 작가아,2020.11.18,진지하게 보다가 웃으면서 보는 나 자신을 보니까 행복하네요.
312,나로서나에게,2020.11.18,나르샤님 재미있어요
313,콩나라린이연이,2020.11.11,술술 읽다보면 미소짓고 있는 책입니다.
314,Kacky,2020.11.10,내가 사는 세상
315,블루문1231,2020.11.03,출근길에 듣다가 ㅋㅋㅋㅋ 오랫만의 킥킥거림이 참 맘에 들어서  하루가 행복♡
316,풀잎프리지아,2020.11.01,일상 이야기를 편안하게 들었어요.소소한 일에 행복을 느끼며 산지가 언제였나 싶네요.
317,양파1,2020.10.28,나르샤의 목소리에 귀가 호강하네요~~
318,보리후추네,2020.10.27,순간순간 훅 들어오셔서 빵 터졌습니다
319,양파링@,2020.10.27,"한번쯤은 공감되는 부분들이있어 
고개가 끄덕이네요~~^^"
320,원투챜하나둘챜,2020.10.27,소소하지만 재미있는
321,spinnyminnie,2020.10.20,오디오북으로 호록
322,오빠생각,2020.10.12,재미있어요!
323,상상유상,2020.10.08,목소리도 내용도 아주 좋아요
324,킹가리,2020.10.02,소소한 일기
325,빛나는 음유시인_1171779,2019.10.28,ㅈ같음 광고 그만해
326,실강이,2019.08.10,안이 목소리 왜캐 좋음
327,유명한 실력자_1105368,2019.09.27,따뜻한온도의책
328,여진쓰,2020.11.30,내가 내뱉던 말을 다시 생각하게 해준 책
329,지적인현이,2020.11.29,"최애.책인데 오디오북으로 들으니.새롭네요
힐링하고 갑니다"
330,올라프는 따뜻한 포옹을 좋아해,2020.11.20,자려고 누워서 가볍게 듣기 좋은 책
331,벨라5,2020.11.18,'과거속에서만 살 순 없잖아.' 소중한걸 기억하려는어르신 찡하게 다가오네요.
332,파드와,2020.11.17,책으로 읽었을때의 감동을 오디오북으로 다시 느꼈다.
333,저니맨용님군,2020.11.09,내 언어의 품격에 내 인격의 품격을 돌아보게 하였던 시간
334,정직한 셀럽_1146945,2020.10.27,소소하게 생각할 거리를 주는 책
335,하나인1,2020.10.21,"작가님 목소리도 좋으시네요
'사랑은 종종 뒤에서 걷는다'"
336,밀리오네,2020.10.16,아름다운 것을 아름답게 느낄 때 행복하다.
337,Sunny2014,2020.10.14,따듯하고 아름다운 표현을 접할 수 있어서 좋았어요 :)
338,독한 스타_425263,2020.10.13,마음이 따뜻해지네요
339,칠칠함,2020.10.12,차타고 가면서 책을 읽을 수 없어 오디오로 듣게 되었습니다. 시간가는 줄 모르고 들었습니다
340,육각기둥,2020.10.09,임팩트가 느껴지지않아요
341,활자중독자7,2020.10.06,내 한마디 말의 온도가 누군가에게 희노애락을 줄 수 있다는 책임감..
342,읽고 느끼고 쓰고,2020.10.06,"작가님 팬입니다^^
언어의 온도로 상대와 대화할때 한번더 생각해보는 습관이 생겼어요~!!"
343,윤민맘5020,2020.10.04,"잔잔하니 듣기 좋네요
그런데 중간중간 안읽고 건너뛰는 문단이 가끔있네요"
344,윤리교육과,2020.09.29,언어의 온도에 대해 이야기하지만 사실은 삶의 온도에 대해 생각하게 하는 책
345,미오새,2020.09.28,읽는 동안 나의 입으로 나온 말들이 따뜻하길 기도했어.
346,황맘,2020.09.28,문장이 따뜻하며 생각을 많이하게 되네요 서로 배려하는 사회가 되었으면..
347,지혜로운 스타_1268022,2020.09.25,그냥 그런데...왜 베스트셀러인지 잘 모르겠다. 쉬운책이 통하는 시대일까..
348,두치와 뿌꾸,2020.09.24,햇살 따사로운 주말의 오후에 읽기 좋은 책
349,새까만밤하늘그리고별,2020.09.23,본인과 타인의 말때문에 고민해 본 적이 있다면 좋은 책이 될 것 같습니다
350,재능있는 지은이_728483,2020.08.15,작가님AI인줄
351,건강한 컨설턴트_152738,2020.08.08,#오글거림
352,매력적인 패셔니스타_1126285,2020.07.11,#베셀인정
353,재미있는 지은이_961956,2020.06.07,영화의온도가 아닌가싶다
354,재미있는 지은이_961956,2020.06.07,한없이가벼움
355,Dindu,2020.06.05,뻔한 감성+감동 주려고함
356,매력적인 스타_800071,2020.05.27,#미적지근
357,편의점빌런,2020.05.23,#일상에서의아름다움
358,스마트 로미,2020.05.15,오랜만에감정이느껴지네
359,Crispygirl,2020.05.13,일기는일기장에
360,캣츠아이,2020.04.29,이게 왜 베스트 셀러죠?
361,독한 꿈쟁이_1220877,2020.04.12,읽고남는거없음
362,위트있는 희망전도사_729157,2020.04.03,생각할수있는책
363,위트있는 희망전도사_729157,2020.04.03,삶의깨달음
364,ur,2020.03.13,술술안읽히는책
365,영인,2020.03.11,너무길어진문장
366,jonhna_endure,2020.03.02,깊이가 있는 책은 아님
367,재능있는 나르시스트_757478,2020.03.01,완전 별로
368,오늘^_^,2020.02.20,한국베스트셀러가이수준..
369,특별한 마스터_345657,2020.02.16,왜베셀인지이해안됨
370,윌리엄_경,2020.02.13,뭐래는거지
371,기슭,2020.02.13,생각의 책
372,빛나는 고수_348571,2020.02.13,마음비우고 읽기 좋은책
373,쭌쭌대디,2020.02.09,왜이걸이제서봤을까
374,또치님,2020.02.08,내 언어의 온도는?
375,꼼꼼한 천재_799598,2020.01.20,기대를안하고읽으면괜찮은책
376,음유시인꿈나무,2020.01.17,깊은깨달음
377,음유시인꿈나무,2020.01.17,술술읽혀요
378,냉장고에 코끼리 넣는 인턴,2020.01.17,가볍게읽기좋은책
379,냉장고에 코끼리 넣는 인턴,2020.01.17,생각없이읽기좋은책
380,뜨거운여름별,2020.01.17,언어는생각의총체따뜻한생각
381,유명한 음유시인_556040,2020.01.15,감성의효과
382,이마일,2020.01.11,이게왜베스트셀러?
383,책읽는숮이,2020.01.09,가볍고평범따뜻
384,조심스러운 에세이스트_824489,2019.12.17,점ㆍ심을 느껴 보겠습니다
385,개구진 패셔니스타_771651,2019.12.06,첫글부터감성증폭
386,화려한 패셔니스타_245800,2019.11.30,모두가읽어보면좋을책
387,보인독서클럽,2019.11.28,나의 첫 오디오북
388,봄에 핀 달래,2019.11.01,마음 산책
389,호기심 많은 꿈쟁이_83801,2019.10.29,SNS충갬성
390,여유로운 셀럽_1170807,2019.09.11,또하나의벽을만들어냈군
391,옐콩,2019.09.02,생각보다별로
392,특별한 꿈쟁이_574469,2019.09.01,완전좋아요
393,특별한 마스터_1067478,2019.08.19,읽다보니 밥시간 지남
394,땅콩이,2019.08.10,공감의눈물콸콸
395,ㅅㅁㅅ,2020.11.19,"이지애 아나운서님 리딩북 너무 좋네요
예쁜 목소리로 자주 자주 들려주세요☺️"
396,소금장수 Vak,2020.11.23,"조용히... 귀 기울여 보면
마음 근육이 튼튼해지는 소릴 듣게 됩니다."
397,차향,2020.11.22,"두가지 마음에 비추네요. 아닌것은 단칼에 거절하고, 부당하다 느낄땐 뒷담화하는 나. 반성!"
398,뿔고집,2020.11.22,"상대방을  배려하는  사람은 성숙하고 원만한  성격의  소유자이지만  손해도
많이 ~~~"
399,천룡팔부,2020.11.18,행복하게 잘 사는 삶
400,킹가리,2020.11.17,"전 메말랐나봐요. 마음에 잘 와닿진 않네요. 
내 감성아, 어디로 간거니.."
401,아이엠철수,2020.11.15,이야기도 목소리도 따뜻하네요..
402,별나라우주인,2020.04.24,#감기걸린목소리
403,별나라우주인,2020.04.24,#듣기에불편
404,화려한 지은이_1338752,2020.08.09,#밤마다들을게
405,킹가리,2020.11.14,듣다보니 말 이름인지 사람이름인지 왕인지 신하인지 헷갈림 ㅡㅡ
406,지혜가 쌓이는 시간,2020.11.11,목소리의 중요성을 깨달았다 - -;
407,소금장수 Vak,2020.11.08,소설 내용과 목소리가 어울려요.
408,멋진 개척자_556499,2020.11.03,목소리듣기매우거북
409,화려한 명사_260348,2020.10.26,new asmr! 이상하게도 편안해지네요
410,과묵한 예언자_528605,2020.10.05,#매력적인목소리
411,뿌링클링클리틀스타,2020.09.26,감기걸린거 아니고 원래 엄태구 배우님 목소리 허스키합니다. 불편하시면 그냥 책으로 읽으세요
412,도가머리 유자,2020.09.24,이정도면 녹음을 취소했어야..
413,착한독자,2020.09.23,"건조한 사랑 이야기, 퍽퍽한 인간사 이야기 칼의 노래 의 서사와 남한 산성의 말들이 있음"
414,쿠쿠야,2020.08.27,#태구님홧팅
415,재미있는 꿈쟁이_859669,2020.08.26,집중잘돼요
416,톰슨가젤,2020.08.22,듣기에불편
417,엄태구 사랑해,2020.08.22,# 목소리 너무 섹시해
418,코코쩰리,2020.08.21,목소리 좋아요
419,생각날때,2020.08.21,목소리 듣기 안좋아요..
420,aabb99,2020.08.20,#익숙하지 않은 전쟁
421,jeankimjeankim,2020.08.18,나만 목소리 섹시했냐
422,강한 생활인_1055466,2020.08.17,#너무좋음
423,독한 실력자_944552,2020.08.13,오디오북에적절하지않은
424,독한 실력자_944552,2020.08.13,#목소리에피곤이느껴짐
425,돌연변이,2018.12.26,요조님 리딩북  강추
426,조심스러운 생활인_361705,2019.01.10,조금부족해요
427,ㅇㅅㅇ11,2019.01.21,마지막시한구절최고
428,호박나무,2020.11.28,자신과 마주하기 중요하네요..
429,자크라,2020.11.14,괜찮은 내용으로 힘들어하는 사람들에게 도움이 될만한 책 ^^
430,da1ove,2020.11.13,생략되는 글이 많아 글로다시읽엇지만 좋앗습니다
431,히메다,2020.11.04,계속 같은 이야기를 주절주절 풀어놓은 느낌
432,조심스러운 탐색자,2020.10.31,도망치다가 더이상 도망갈 곳이  없을때 불연듯 너무 멀리  왔다는 생각이 든다.
433,동훈단하파파,2020.10.29,목소리가 너무 좋아요
434,하나인1,2020.10.12,"정말 도망치고 싶은데!
글쎄 이책은..."
435,마리내,2020.10.05,요조님 목소리가 너무 좋아요
436,읽고 느끼고 쓰고,2020.10.04,"편안한 마음으로 듣고(읽고) 느낄 수 있는 
하지만, 내용은 결코 가볍지 않은^^"
437,윤민맘5020,2020.10.04,요조님의 차분한 목소리 듣기 좋네요
438,JeewonK,2020.10.04,요조님목소리가힐링돼요
439,빛나는 창의력 대장_219866,2020.09.27,많이 느꼈습니다 많은 위로도 받았어용
440,오지유지유,2020.09.25,"굉장히 찡해지고 저처럼 모든 분들에게 공감되는 책이라 생각돼요, 한번 돌아보게 되네요"
441,리질리언스,2020.09.25,도망쳐도 안죽어 잘살수 있어
442,Pearlllllll,2020.09.23,도망치고 싶을때 정말 힘이되는책
443,계절의 시작을 아는 사람,2020.09.23,괜찮을 때 도망칠 용기 얻었다가 막상 현생 도망치려니 주먹쥐고 이악물고 참아내기...
444,쌜리이,2020.09.22,"너무 정석에 가까운 이야기라 와닿지는 않았지만, 요조의 목소리가 위로가 된 오디오북"
445,태엽감는 새,2020.05.05,디다라봇치?
446,부드러운 스타_410304,2020.04.11,#마음이편안해
447,잠좀자고싶어,2020.02.16,라디오인지책인지
448,댕댕이나만없어,2020.01.24,요조목소리좋다
449,댕댕이나만없어,2020.01.24,도망치면도망자
450,차크라,2020.01.14,이런거읽을수록더바보됨
451,독한 청춘_1108823,2019.09.11,설명이길고반복되어조금지루
452,책읽어주는 엄마,2019.03.28,오늘이 그런날이라 ...
453,무조건읽는남자,2018.12.22,한국사이야기
454,새로운 꿈쟁이_936496,2019.08.16,앤 중독자들^^
455,혜민,2019.08.16,목소리좋아요
456,독한 아티스트_1031446,2019.08.29,허물만좋은소리나열의미없음
457,아토베리어,2020.11.28,낭독이   빠르네요
458,미니멀한걸,2020.11.28,꿈을 꿀 수 있어 행복하다
459,독서라니,2020.11.22,책으로읽었었는데 오디오로 다시들으니 또 새로워요
460,은지의서재,2020.11.20,낭독이 조금 빨라요!
461,고운 달빛,2020.11.19,편안히 듣고 싶었는데 낭독이 너무 빠르네요.
462,The MOON,2020.11.16,"가슴에 솟아나는 아름다운 꿈.
하늘엔 뭉개구룸 퍼져나가네."
463,엄마의노력,2020.11.12,젊음을 20대에 주기에는 너무 아깝다
464,독한 희망전도사_888197,2020.11.05,왜 오디오가 안 돼죠ㅜㅜ
465,강직한 실력자_168656,2020.11.03,30분의 시간을 투자해서 좋음 말로써 하루를 시작하는 힘을 얻고 나를 힐링해 주네요
466,태석재석맘,2020.10.25,걸으면서 들었는데 넘 좋아요. 빨강머리앤 다시 읽어보고 싶어져요
467,고 양 이,2020.10.24,전소민&앤❤❤❤
468,하나인1,2020.10.20,희망은 절망속에 피는꽃
469,강한 컨설턴트_188261,2020.10.19,전소민씨 말이 너무 빨라 놀랬어요 편한함은 없었다는
470,오예를 날마다 삶속에,2020.10.10,자꾸 끊겨요
471,꽃이 피는 곳,2020.09.28,올해 최고의 책~ 아이 눈으로 보는 세상이 어른이 되어버린 나를 부끄럽게 만든 책
472,pinksky5695,2020.07.29,#전소민목소리듣기좋구나
473,눈빛만봐도알수있잖아,2020.05.13,매력쟁이빨간머리앤
474,ㄹㅁㄴ,2020.04.30,#산책과함께
475,민트빛쑨,2020.04.23,#소민님목소리에녹아버린
476,모험가 하이디,2020.04.06,허영심가득한 얇팍한작가
477,독서가 취미가 될 수 있을까요?,2019.12.03,요즘유행할만한책
478,갱이,2019.09.11,마릴라가된지금읽기좋은
479,제리,2019.10.15,영하작가님최고
480,대단한 청춘_1022088,2019.10.30,총.균.쇠
481,Yogini Writer,2019.10.22,Reader=Leader
482,킹가리,2020.11.26,김영하 씨의 해설이 덧붙여져서 좋았음
483,하나인1,2020.10.23,"김영하작가님이 읽어주셔서 재밌게
잘 들었습니다"
484,에스티,2020.08.16,끊어읽기가 좀...
485,호기심 많은 청춘_265116,2020.02.24,울산관람차
486,강지리강한 활자 중독자_810155,2020.01.22,듣기가편해요ㅛ
487,대단한 스타_1349427,2019.11.04,아래로부터의 영성
488,재능있는 실력자_878109,2019.12.14,너무기대됨
489,밝은 도깨비_205716,2019.12.15,기대됩니다
490,조심스러운 에세이스트_824489,2019.12.17,빨강머리앤
491,하나인1,2020.10.22,은근 재밌는 내용!
492,화려한 활동가_966300,2020.10.13,"목소리 듣기 편안하고 귀에 잘들어옵니다. 
내용도 가볍게 읽기 좋습니다."
493,착한독자,2020.09.23,"조용한 사람들의 조용한 혁명.

쓸모 없어보이는 능력들에 대한 쓸모있는 이야기"
494,책뒤에숨은여자,2020.09.22,"임주환 배우님 목소리와 딕션, 리딩 너무 좋았습니다. 다른 책도 읽어주시길 기다릴게요:)"
495,향식단,2019.12.18,읽고더블로
496,밀리 X table,2020.02.13,박정민!!!
497,Sing,2020.02.16,박정민ㅠㅠ
498,복둥희원,2020.02.20,종이책싫어서e북보는데ㅜ
499,꿈꾸는높새,2020.11.24,배우님 목소리가 너무 좋아요 오디오북이라 그런지 너무 간략하다는게 아쉽습니다
500,신이나엣헴,2020.10.24,박정민입니당 ㅜㅜ
501,이졍우니,2020.10.13,박정민님이 이 책의 분위기를 잘 잡아주셔서 글로 읽을때에도 몰입이 잘 됐어요.
502,호랑이쮸,2020.10.12,"박정민 목소리.,."
503,모빌리독서쟁이,2020.08.25,기대 이신ㅇ
504,귀리보리 ,2020.06.23,e북 나오면 안되나요?ㅠ
505,책 펴고 랄라라,2020.06.04,한번에쭉읽힘
506,나나니니,2020.03.30,띄엄띄엄 독서용은아니네요
507,홍성혁,2020.03.21,#너무띄엄띄엄읽어요
508,언희7508,2020.03.21,재미와통찰
509,솔직한 청춘_936485,2020.03.11,오랜만에완독
510,atr_,2020.03.09,#계속 듣고 싶어요
511,호기심 많은 청춘_265116,2020.02.28,박정민꿀보이스
512,위트있는 패셔니스타_846660,2020.02.27,하루만에 읽음
513,빛나는 여행가_1207846,2020.02.27,끝까지 읽어줘요 박정민씨
514,은은이 ,2020.02.18,종이책구독해야볼수있음
515,은은이 ,2020.02.18,기존멤버들은 못봄
516,ING,2020.02.16,최애아티스트조합꿀
517,honest16,2020.02.17,읽어주니 더 완벽
518,윌리엄_경,2020.02.14,찌질이 메이저
519,수쯔앙,2020.02.20,오빠사랑해여
520,이불 밑 책 벌레,2020.12.01,관심있는 배우였는데 더 좋아하게 되었어요.
521,솔직한 마스터_219368,2020.11.26,평소에도 팬이에요~^^
522,jcleenim,2020.11.24,당신은 아주 소중한 사람입니다!
523,찡쏠,2020.11.23,박정민 배우가 읽어주니 영화를 보는 것 처럼 이미지가 그려지면서 더 재밌있게 읽은 책 !
524,해밝은jw,2020.11.19,박정민 배우의 목소리에 또한번 매력을 느꼈네요.내용도 목소리도..몰입감 최고
525,고운 달빛,2020.11.19,"깊은 통찰과 내공으로 자연스럽게 이끌어내는 공감^^ 앞으로도 좋은글과 낭독
부탁 드려요."
526,겨울을 맞이하며,2020.11.14,또래라 그런지 크게 공감한 부분도 많았습니다. 작가로 자주 찾아와주었으면..
527,똑띡이 되깅,2020.11.11,배우 박정민이라는 배우가 달라 보이기 시작했습니다❤️❤️
528,경대신방22학번,2020.11.09,뭐지 나 왜 계속 듣고 있지...?? 이거 어떻게 나가지 왜 계속 생각나지 ??
529,윤마늘,2020.11.04,"그냥, 고마워하면 된다. 살아 있어 줘서 고맙다."
530,뽀씨,2020.10.31,정말 잘듣고 잘읽었습니다 배우님이자작가님
531,재윤엄마,2020.10.30,박정민 스럽다.... 란 말이 생각나는 그런~~^^
532,오유지족8835,2020.10.29,짧은 영화를 본듯..
533,Min@tobedetermined,2020.10.26,더 듣고싶을만큼 목소리가 좋았고 재밌었다. 배우가 아니라 마치 아는 오빠의 이야기같았음
534,하나인1,2020.10.19,박정민은 재밌는 사람!
535,호랑이쮸,2020.10.18,귀엽고 멋있어
536,현명한 명사_744578,2020.10.14,재밌어요! 웃으면서 들었네요ㅋ 책으로 다시 정독 해야겠어요~~
537,독똑똑,2020.10.13,박정민 참 괜찮다.
538,화려한 예언자_401832,2020.10.13,중간중간 찐웃음나오는 유머코드 따뜻함 배려심 많은 긍정적인 멋진 분 글맛깔나게잘쓰신다
539,건강한 스타_947647,2020.10.10,"사람이 달라보시기도 하고 재미있기도 했습니다
강추 입니다
한번씩  꼭 들어보세요"
540,과묵한 예언자_528605,2020.10.10,"책을 다 읽어주니까 좋네요 
화장실에서 세수하면서 들었어요 
재밌었어요"
541,공작언니,2020.10.09,책은 끝났는데 책장에서 치울 수가 없네요. 우울할 때마다 꺼내 듣고 싶은...
542,빗속에서 댄스올나잇,2020.10.08,이제 배우님 작품 볼 때 오디오북 목소리랑 겹쳐들려요
543,독한 생활인_478219,2020.10.07,재밌게들었어요 갠적으로 오디오북이 더 맛깔스러워요
544,특별한 스타_708074,2020.10.07,아 이거 코미디 대본인가요?
545,엄또띠,2020.10.04,"나와 비슷한 결을 가진 사람이라 더 공감하게 되고, 위로받는 책"
546,sxxrasmile,2020.10.03,들으면서 계속 피식거리게 만든다.
547,마리내,2020.09.30,역시 박정민 배우님..
548,다크와 서희,2020.09.29,소소한 일상으로 다져진 책
549,미오새,2020.09.28,이 배우 더 알고 싶네 ㅋㅋㅋ
550,망생이의전설,2020.09.28,작가가 읽으니 살아나는 깨알재미
551,서아떠아,2020.09.27,믿고 보는 박정민에서 믿고 읽는 박정민까지.. 정말이지 욕심쟁이
552,쭈뿌짜아빠,2020.09.26,연기도 잘하고 글도 잘쓰고 읽기도 잘해주고
553,군침이싹도는루피,2020.09.24,역시 박정민
554,야요,2020.09.23,왠지 모르게 위로되고 보듬어 주는 책
555,산중오두막서재,2020.09.23,"그저 작가가 낯익은 배우라 읽었을뿐인데
이분 참 매력있네요
오늘부터 박정민찐팬입니다"
556,산중오두막서재,2020.09.23,"한 배우를
한 작가를 다시 생각하게 해 준 책
화려하지않아서 더 바라보게 된 책입니다"
557,모야이거,2020.09.23,"와  배우가 글읽어주니까 진짜 넘좋고
암튼  이건 걍  들어요"
558,H_books,2020.09.22,이거 실화 입니까? 배우 글을 배우가 읽어주는 거.
559,지혜로운 꿈쟁이_155179,2020.08.23,#박정민만세
560,돈까미별달,2020.07.16,#웃으며진지하게공감했다
561,돈까미별달,2020.07.16,#사람냄새공감
562,j8865,2020.05.27,#가볍고 기분 좋게 읽는
563,발전하는나,2020.05.12,쓸만한인간
564,성공한 마스터_725600,2020.05.08,#웃다울다
565,dailymonsoon,2020.05.05,나도쓸만한인간?
566,dailymonsoon,2020.05.05,말이필요없어요그냥읽어봐요
567,엄마마,2020.04.29,#그린라이트
568,밸런스,2020.04.23,다읽어줬으면ㅜ
569,밸런스,2020.04.23,왜이렇게재밌음?
570,사지만말고읽기시작,2020.04.21,#박정민더좋아짐
571,이쿼카,2020.04.09,평범한척하는안평범한남자
572,huv,2020.04.08,어쩐지 재밌어서 놀람
573,호기심 많은 마음갑부_44,2020.04.07,처음으로듣는오디오북너무잼
574,위트있는 희망전도사_729157,2020.04.01,웃음나오는책
575,대단한 개척자_504110,2020.03.28,입이 트이는
576,뉴링,2020.03.26,#그의 표정이 상상되는
577,유명한 꿈쟁이_333318,2020.03.25,#재밌어요
578,햄바리,2020.03.23,# 편하게듣기너무좋았어요
579,대단한 여행가_1234578,2020.03.20,부러운 진솔함
580,조심스러운 주인공_842720,2020.03.11,#위트쟁이
581,현명한 활자 중독자_670197,2020.03.06,#목소리 넘 좋다
582,우주를줄걔,2020.03.03,살아있어줘서고마워
583,Fake Traveler,2020.03.01,다잘될겁니다
584,식탐많고책탐도많아요,2020.02.26,피식웃다눈물이핑돌다
585,성공한 실력자_929970,2020.02.26,흠.....
586,우수한 개척자_710097,2020.02.23,정민하트재은
587,비범한 셀럽_1315439,2020.02.20,역시알아봤지 너무좋아
588,출발드립팀,2020.02.17,꿀성대연기파배우박정민최고
589,유명한 예언자_749735,2020.02.17,뭘하시든 저도 고마워요
590,건강한 알파고_744202,2020.11.24,나에게도 송곳니가 있었던가
591,한페이지,2020.11.15,우리에겐 모두 줄을 끊을 수 있는 송곳니가 있다. 이 사실을 잊지말길
592,랄라라라,2020.11.10,내가 잊고있던 내 송곳니는 뭘까?
593,킹가리,2020.11.07,우리가 잊고 있던 것은 무엇일까
594,콩나라린이연이,2020.11.03,내 송곳니는 줄을 끊을 수 있을까?
595,미오새,2020.11.19,소통의 시작은 나와 그의 생각이 다르다는 것을 인정할 때 비로소 시작되는 것이다
596,papercraft,2020.11.04,시민의 시점을 개념적으로 이분법으로 나누어 준다. 사회이념의 차이와 대립을 보여준다.
597,달샤베트,2020.08.11,오디오북오류심각
598,착한독자,2020.09.23,창조론자에 대한 분노의 일침
599,ㅊㅊㅊㅊㅊㅊㅊㅊ,2020.10.16,왜 중간에 종료되나요?
600,Systematic,2020.10.10,"도킨슨의 가치관을 다 못 담은 느낌이지만, 입문용 오디오북으로 최고"
601,조심스러운 주인공_756733,2020.09.30,"불면증이 정말 심한데 이런 오디오북을 만들어주셔서 감사합니다. 아쉬운건, 너무 짧네요."
602,현명한 마음부자_1125688,2020.10.30,진짜 시간은 안흐르더라
603,빛 수오재,2020.11.05,밀리로 읽다가 종이책으로 다시 사요.
604,자랑스러운강아지,2020.10.14,내기준 제일 듣기 편한 오디오북. 내용도 좋아서 배경음악처럼 들어도 좋다. 시간의신비😊
605,Systematic,2020.10.10,"지리는 내용, 깔끔한 목소리.
짧은 느낌이지만 아주 좋다."
606,킹가리,2020.09.27,사물이 아니다. 사건이다.
607,나애서,2020.09.23,가장현실적인철학책
608,GRhee,2020.10.21,현재를 살아가는 우리가 세상을 아주 현실적인 철학적 시각으로 볼 수 있도록 알려주는 책
609,Sunny2014,2020.10.15,개인적으로는 혁신 파트가 제일 좋았어요.
610,강직한 활자 중독자_304182,2020.09.23,철학에 발담그기에 딱!
611,수형제맘,2020.08.04,#남들과다른생각
612,명묭이,2020.11.06,드라마가 생각나 눈물이 찔끔. 행복할 용기
613,샤방김,2020.11.10,오정세님 때문에 처음 들어본 오디오북인데 어린아이들이 듣기에도 너무 좋을법한 목소리예요
614,토끼인생,2020.10.30,드라마보고 책 읽어보고 싶었는데 오정세님의 목소리로 들으니 너무 좋네요
615,예리한 스타_985922,2020.11.25,드라마를 다시 보고싶어졌어요!
616,샤갈의책읽는마을,2020.11.22,현실은... 얼굴을 가져간 마녀를 찾기도 버겁다
617,블랙캣,2020.11.20,행복이 불안한 용기 없는 나에게 주는 선물같은 동화
618,낭독,2020.11.14,메세지가 좋아요 감동..
619,이제트왕비,2020.11.11,못들어힝ㅠㅠ
620,미오새,2020.11.05,"“아, 행복하다.” 하고 말 할 수 있게  되어 다행이야 :)"
621,콩나라린이연이,2020.11.03,잔잔하게 남는 이야기.  ^^
622,크레센트,2020.10.31,"행복을 찾는 여행을 떠날 용기. 
우리는 그것이 필요하다."
623,우수한 마음부자_1055904,2020.10.30,오디오북을 들으며 드라마를 다시금 떠올릴 수 있었습니다. 잘 읽어주셔서 감사합니다.
624,출발드립팀,2019.07.06,4단계사람들의필독서
625,특별한 이상형_1025214,2019.08.29,사실에 근거해 판단 해라
626,유명한 창의력 대장_861675,2019.08.07,세상을보는새로운눈
627,Kaysh,2020.10.18,탑은 펙트구나
628,Lyft,2020.10.11,Fact 를 잘 알고 세상을 바라보아야 한다는 의견에 동감하지만 특별히 내용의 깊이는 없다
629,쭌쭌대디,2020.02.09,편견없이세상보기
630,밀리파_1273089,2020.01.13,30년전 시각을 버려라
631,단조,2020.01.04,밀리는 가짜 리딩북이었다
632,hegemonism,2019.12.23,세상바로보기
633,확실하게,2019.09.18,불안조장사회에서 살아남기
634,똑똑한 마스터_1133485,2019.09.17,최애목소리로 최애책 읽기
635,재미있는 희망전도사_1070216,2019.08.20,드디어 만났다
636,gorgonzola,2019.08.16,서구의 몰락
637,새로운 지식인_538634,2019.07.17,Great
638,건강한 알파고_744202,2020.11.24,엄마는 처음이라...
639,용희마더,2020.11.21,감동아닌 억지.엄마가 되보면  안다
640,명묭이,2020.11.05,꿈깨세요 할때 웃음빵.
641,똑똑한 마스터_472199,2020.10.31,동화책 많이 읽고 꿈 깨세요!
