,title,voice,author,publish,genre
0,"매향리, 평화가 오다",이미나,"화성시(기획),전혜진(글),김준현(사진)",화성시,소설문학
1,[이유영 낭독] 다정한 유전 _작은책,이유영,강화길,아르테,소설문학
2,저스트 어 모멘트,이나리,이경화,탐,소설문학
3,사춘기라서 그래,조현정,이명랑,탐,소설문학
4,[단편] 헤엄치는 밤,최인영,한유주,미디어창비,소설문학
5,[단편] 펄럭이는 종이 스기마쓰 성서,박솔뫼,박솔뫼,미디어창비,소설문학
6,[단편] 돼지 먹이,김보나,듀나,미디어창비,소설문학
7,[단편] 어머니는 잠 못 이루고,권여선,권여선,미디어창비,소설문학
8,[단편] 소여,구병모,구병모,미디어창비,소설문학
9,들어본 이야기,"구병모,권여선,김보나,박솔뫼,최인영","구병모,권여선,듀나,박솔뫼,한유주",미디어창비,소설문학
10,엄마는 행복하지 않다고 했다,장지연,김미향,넥서스BOOKS,소설문학
11,니가 뭔데 아니 내가 뭔데,김단,후지타 사유리,넥서스BOOKS,소설문학
12,아무도 모르는 기적,정승운,김주영,(주)문학과지성사,소설문학
13,너의 거기는 작고 나의 여기는 커서 우리들은 헤어지는 중입니다,향기,김민정,(주)문학과지성사,소설문학
14,청구회 추억 Memories of Chung-Gu Hoe,이인석,신영복,(주)돌베개,소설문학
15,볼리비아 우표 - 오키나와 데이트,김단,강이라,산지니,소설문학
16,볼리비아 우표 - 편서풍,김단,강이라,산지니,소설문학
17,볼리비아 우표 - 어둠에 묻힌 밤,김단,강이라,산지니,소설문학
18,볼리비아 우표 - 스위치,김단,강이라,산지니,소설문학
19,볼리비아 우표 - 볼리비아 우표,김단,강이라,산지니,소설문학
20,볼리비아 우표 - ch 41,김단,강이라,산지니,소설문학
21,볼리비아 우표 - 명상의 시간,김단,강이라,산지니,소설문학
22,볼리비아 우표 - 쥐,김단,강이라,산지니,소설문학
23,볼리비아 우표,김단,강이라,산지니,소설문학
24,"우리들, 킴 - 환대",나성지,황은덕,산지니,소설문학
25,"우리들, 킴 - 불안은 영혼을,",나성지,황은덕,산지니,소설문학
26,"우리들, 킴 - 열한 번째 아이",나성지,황은덕,산지니,소설문학
27,"우리들, 킴 - 해변의 여인",나성지,황은덕,산지니,소설문학
28,"우리들, 킴 - 글로리아",나성지,황은덕,산지니,소설문학
29,"우리들, 킴 - 우리들, 킴",나성지,황은덕,산지니,소설문학
30,"우리들, 킴 - 엄마들",나성지,황은덕,산지니,소설문학
31,"우리들, 킴",나성지,황은덕,산지니,소설문학
32,"프랑켄슈타인과 철학 좀 하는 괴물 - 괴물, 인간을 탐구하다","김민정,남도형,민승우",문명식,나무를 심는 사람들,소설문학
33,타임머신과 과학 좀 하는 로봇,"채안석,김보나",이한음,나무를 심는 사람들,소설문학
34,유희,민아,김소래,문학나무,소설문학
35,안간힘,김시우,유병록,미디어창비,소설문학
36,버드 스트라이크,신송이,구병모,창비,소설문학
37,명시,전은희,안재성,미디어창비,소설문학
38,리브 심플리,"남도형,남유정,민승우,신송이,이명희,이미나,정의한,채안석","빅초이,블리",소로소로,소설문학
39,디디의 우산,황정은,황정은,창비,소설문학
40,내일 쓰는 일기,최인영,허은실,미디어창비,소설문학
41,경애의 마음,김금희,김금희,창비,소설문학
42,아라비안 나이트,민아,작자 미상,현대지성,소설문학
43,이별 연습,김난희,김성충,파랑비,소설문학
44,거듭나기,김난희,김성충,파랑비,소설문학
45,인연,김난희,김성충,파랑비,소설문학
46,사랑은 아픔이다,김난희,김성충,파랑비,소설문학
47,사랑이 남긴 시,김난희,김성충,파랑비,소설문학
48,사랑을 탐하다,김난희,김난희,파랑비,소설문학
49,"나, 열심히 살고 있는데 왜 자꾸 눈물이 나는 거니?",김하루,송정림,꼼지락,소설문학
50,내 안의 스릴러,"김인,이승준,전종국","김민준,김용성,방진호,이상민,장은호",인사이트브리즈,소설문학
51,시를 잊은 그대에게,정재찬,정재찬,(주)휴머니스트출판그룹,소설문학
52,김용 대하역사무협 신조협려 하이라이트,전숙경 외 5명,김용,(주)김영사,소설문학
53,백세일기,"김석철,이영혜,홍진욱,박상훈",김형석,(주)김영사,소설문학
54,남아 있는 시간을 위하여,문관일,김형석,(주)김영사,소설문학
55,어떤 양형 이유,정의한,박주영,(주)김영사,소설문학
56,출근하는 당신도 행복할 권리가 있다,김기령,권대욱,리더스북,소설문학
57,살고 싶다는 농담,신경선,허지웅,웅진지식하우스,소설문학
58,SF는 정말 끝내주는데,이눈솔,심완선,에이플랫,소설문학
59,오전을 사는 이에게 오후도 미래다 - 삶을 버티게 하는 가치들,이강선,이국환,산지니,소설문학
60,나는 개성공단으로 출근합니다 - 개성에서 보낸 봄 여름 가을 겨울 이야기,권혜경,김민주,산지니,소설문학
61,생각하는 사람들,남유정,정영선,산지니,소설문학
62,주문을 틀리는 요리점,,오구니 시로,웅진지식하우스,소설문학
63,좀머 씨 이야기,유석,파트리크 쥐스킨트,(주)열린책들,소설문학
64,나만 몰랐던 이야기,"김혜윤,진양욱","김시영,김세훈",밀알복지재단,소설문학
65,걸리버여행기,채안석,조너선 스위프트,현대지성,소설문학
66,[서영화 낭독] 심장에 수놓은 이야기 _ 작은책,서영화,구병모,아르테,소설문학
67,수레바퀴 아래서,안혜령,헤르만헤세,범우사,소설문학
68,서머셋 몸 단편선,최진경,서머셋몸,범우사,소설문학
69,김약국의 딸들,홍영란,박경리,와미디어,소설문학
70,가을에 온 여인,최석환,박경리,마로니에북스,소설문학
71,가설을 위한 망상,최석환,박경리,(주)나남,소설문학
72,슬리피 할로우의 전설,강유경,워싱턴어빙,스튜디오 바운더리,소설문학
73,곰스크로의 여행,지안,프리츠오르트만,스튜디오 바운더리,소설문학
74,J. 하버쿡 젭슨의 진술,최정호,아서코난도일,도서출판 북스피어,소설문학
75,[성진환 낭독] 나조차 나를 사랑하지 못하고,성진환,변종모,자음과 모음,소설문학
76,[진철 낭독] 흰 티티새 이야기 (단편),진철,알프레드드뮈세,지식을 만드는 지식,소설문학
77,"[남주희, 허준서 낭독] 내가 그린 히말라야시다 그림 (단편)","남주희,허준서",성석제,창비,소설문학
78,일의 기쁨과 슬픔,조송희,장류진,창비,소설문학
79,대도시의 사랑법,김목용,박상영,창비,소설문학
80,[지우 낭독] 요정들 (단편),지우,샤를페로,지식을 만드는 지식,소설문학
81,[지우 낭독] 장화 신은 고양이 (단편),지우,샤를페로,지식을 만드는 지식,소설문학
82,[에이스 낭독] 잠자는 숲속의 공주 (단편),에이스,샤를페로,지식을 만드는 지식,소설문학
83,[에이노 낭독] 상드리용 (단편),에이노,샤를페로,지식을 만드는 지식,소설문학
84,[세인트반 낭독] 도가머리 리케 (단편),세인트반,샤를페로,지식을 만드는 지식,소설문학
85,[바론 낭독] 거짓말 로봇 (단편),바론,정명섭,별숲,소설문학
86,[황소윤 낭독] 말하는 떡갈나무 (단편),황소윤,조르주상드,지식을 만드는 지식,소설문학
87,[오정연 낭독] 원통 안의 소녀 (단편),오정연,김초엽,창비,소설문학
88,[프롬 낭독] 특이점을 지나서  (단편),프롬,김소연,별숲,소설문학
89,[하민 낭독] 나는 엄마를 기다려요 (단편),하민 (ENOi),김리라,별숲,소설문학
90,[진우 낭독] 기록되지 않은 이야기 (단편),진우 (ENOi),최영희,(주)사계절출판사,소설문학
91,[제이키드 낭독] 알파에게 가는 길 (단편),제이키드 (ENOi),최영희,(주)사계절출판사,소설문학
92,[어빈 낭독] 산골 소년과 노신사 (단편),어빈 (ENOi),박윤규,별숲,소설문학
93,[라온 낭독] 하늘로 날아간 꼬마 열차 (단편),라온 (ENOi),박경태,별숲,소설문학
94,[도진 낭독] 동박새를 사랑했네 (단편),도진 (ENOi),박윤규,별숲,소설문학
95,[건 낭독] 그날의 인간 병기 (단편),건 (ENOi),최영희,(주)사계절출판사,소설문학
96,가나에 아줌마,오정해,후카자와 우시오,아르띠잔,소설문학
97,소설 제주,"전석순,김경희,이은선,윤이형","김경희,SOOJA,이은선,윤이형,구병모",아르띠잔,소설문학
98,페인트,온새벽,이희영,창비,소설문학
99,[윤도현 낭독] 바틀비 (단편),윤도현 (YB밴드),김태호,창비,소설문학
100,[Young K 낭독] 페이퍼 컷 (단편),Young K (DAY6),최상희,(주)사계절출판사,소설문학
101,[조문근 낭독] 누구나 가슴에 문장이 있다 (단편),조문근,김 언,팬덤북스,소설문학
102,[최정윤 낭독] 웃어도 괜찮아 (단편),최정윤,김중미,창비,소설문학
103,나를 돌보지 않는 나에게,정여울,정여울,(주)김영사,소설문학
104,[정인성 낭독] 지상 최대의 쇼 (단편),정인성 (KNK),김희선,(주)자음과모음,소설문학
105,[이동원 낭독] 2098 스페이스 오디세이 (단편),이동원 (KNK),김희선,(주)자음과모음,소설문학
106,[오희준 낭독] 페르시아양탄자 흥망사 (단편),오희준 (KNK),김희선,(주)자음과모음,소설문학
107,[박서함 낭독] 교육의 탄생 (단편),박서함 (KNK),김희선,(주)자음과모음,소설문학
108,[김지훈 낭독] 라면의 황제 (단편),김지훈 (KNK 리더),김희선,(주)자음과모음,소설문학
109,[장대현 낭독] 방과 후 지구 (발췌본),장대현 (레인즈),서윤후,팬덤북스,소설문학
110,[안녕하신가영 낭독] 마음을 함께 해준다면 (단편),안녕하신가영,박하익,창비,소설문학
111,[민수 낭독] 여름의 고양이 (단편),민수,최상희,창비,소설문학
112,내가 누구를 두려워하리요,장한빛,임현수,규장,소설문학
113,[소수빈 낭독] 연금술사의 돌 (단편),소수빈,조현주,창비,소설문학
114,[정세운 낭독] 너만 모르는 엔딩 (단편),정세운,최영희,(주)사계절출판사,소설문학
115,나의 첫 소년,남도형,손택수,창비교육,소설문학
116,[박세진 낭독] 이사 (단편),박세진 (옥상달빛),정소연,창비,소설문학
117,[김윤주 낭독] 재회 (단편),김윤주 (옥상달빛),정소연,창비,소설문학
118,[길미 낭독] 망나뇽의 눈물 (단편),길미,박상영,창비,소설문학
119,블랙코미디,유병재,유병재,비채,소설문학
120,새벽의 방문자들,"장은영,김연아,김주리","하유지,정지향,박민정,김현,김현진",다산책방,소설문학
121,퇴근할까 퇴사할까,김소형 외 3인,민선정 외 3인,더블유미디어,소설문학
122,[류현경 낭독] 암송 _ 작은책,류현경,윤해서,아르테,소설문학
123,[김대명 낭독] 세계의 호수 _ 작은책,김대명,정용준,아르테,소설문학
124,[나인 낭독] 끝  (단편),나인 (온리원오브),김해원,창비,소설문학
125,[준지 낭독] 보건실의 화성인 (단편),준지 (온리원오브),서진,창비,소설문학
126,[규빈 낭독] 배꼽 (단편),규빈 (온리원오브),윤성희,창비,소설문학
127,[유정 낭독] 내 맘대로 고글 (단편),유정 (온리원오브),김란,(주)사계절출판사,소설문학
128,[LOVE 낭독] 전설의 동영상 (단편),LOVE (온리원오브),최영희,(주)사계절출판사,소설문학
129,[리에 낭독] 지구인이 되는 법 (단편),리에 (온리원오브),권담,(주)사계절출판사,소설문학
130,[MILL 낭독] 레트와 진 (단편),MILL (온리원오브),이안아,(주)사계절출판사,소설문학
131,셰익스피어 4대 비극 - 맥베스,곽명화 외,윌리엄 셰익스피어,커뮤니케이션북스,소설문학
132,셰익스피어 4대 비극 - 리어왕,곽명화 외,윌리엄 셰익스피어,커뮤니케이션북스,소설문학
133,셰익스피어 4대 비극 - 오셀로,곽명화 외,윌리엄 셰익스피어,커뮤니케이션북스,소설문학
134,셰익스피어 4대 비극 - 햄릿,곽명화 외,윌리엄 셰익스피어,커뮤니케이션북스,소설문학
135,적게 자도 괜찮습니다,류승곤,쓰보다 사토루,(주)도서출판 길벗,소설문학
136,[혜이니 낭독] 창가 앞에서 두번째 자리 (단편),혜이니,김민령,창비,소설문학
137,[김동한 낭독] 누군가의 마음 (단편),김동한 (JBJ),김민령,창비,소설문학
138,켄세라,오디오북 크리에이터 지안,채현선,에브리웨이,소설문학
139,안녕 할리,장민혁,배상민,에브리웨이,소설문학
140,남편을 죽이는 서른 가지 방법,강유경,서미애,에브리웨이,소설문학
141,굿바이 파라다이스,김재록,강지영,에브리웨이,소설문학
142,나는 마음 놓고 죽었다,은정,임선경,뮤진트리,소설문학
143,[배다해 낭독] 세상의 모든 위로,배다해,윤정은,팬덤북스,소설문학
144,[김동현 낭독] 상대의 법칙 (단편),김동현 (봅슬레이 선수),최양선,창비,소설문학
145,[김아랑 낭독] 미식 예찬 (단편),김아랑 (쇼트트랙 선수),최양선,창비,소설문학
146,[태호 낭독] 수영장 (단편),태호 (임팩트),최상희,(주)사계절출판사,소설문학
147,[지안 낭독]무나의 노래 (단편),지안 (임팩트),최상희,(주)사계절출판사,소설문학
148,[제업 낭독] 방주 (단편),제업 (임팩트),최상희,(주)사계절출판사,소설문학
149,[이상 낭독] 잘자요 너구리 (단편),이상 (임팩트),최상희,(주)사계절출판사,소설문학
150,[웅재 낭독] 고백 (단편),웅재 (임팩트),최상희,(주)사계절출판사,소설문학
151,[노태현 낭독] 옥수수 뺑소니 (단편),노태현 (JBJ),박상기,창비,소설문학
152,[준 낭독] 좀도둑과 목격자 (단편),준 (A.C.E),정은숙,창비,소설문학
153,[와우 낭독] 지금 아니면 못 할 일 (단편),와우 (A.C.E),정은숙,창비,소설문학
154,[김병관 낭독] 못 먹어도 go! (단편),김병관 (A.C.E),정은숙,창비,소설문학
155,[동훈 낭독] 울지 않는 이유 (단편),동훈 (A.C.E),정은숙,창비,소설문학
156,[찬 낭독] 정범기 추락 사건 (단편),찬 (A.C.E),정은숙,창비,소설문학
157,[세트] 담배만이 우리 세상,"남도형,민승우,채안석",류연웅,안전가옥,소설문학
158,스포일러,채안석,류연웅,안전가옥,소설문학
159,팝콘 전쟁,민승우,류연웅,안전가옥,소설문학
160,아널드 베넷의 24시간,조재훈,"아널드 베넷,역자 조재훈",왓북,소설문학
161,담배만이 우리 세상,남도형,류연웅,안전가옥,소설문학
162,[요조 낭독] 산책자의 행복 (단편),요조,조해진,창비,소설문학
163,[혁 낭독] 이상한 용손 이야기 (단편),혁 (VIXX),곽재식,창비,소설문학
164,[라비 낭독] 청기와주유소 씨름 기담 (단편),라비,정세랑,창비,소설문학
165,아이의 방문을 열기 전에,정남,이임숙,창비,소설문학
166,[김동현 낭독] 그 여름의 전설 (단편),김동현 (AB6IX),김해원,(주)사계절출판사,소설문학
167,최유라가 들려주는 한국대표수필,최유라,"방정환,박경리 외",와미디어,소설문학
168,이문세가 들려주는 한국대표수필,이문세,"김유정,민태원 외 다수",와미디어,소설문학
169,윤성혜가 들려주는 한국대표수필,윤성혜,"최현배,서정주 외 다수",와미디어,소설문학
170,김기덕이 들려주는 한국대표수필,김기덕,"김구,이광수 외 다수",와미디어,소설문학
171,우리나라 삼국지 5권,,,임동주,소설문학
172,우리나라 삼국지 4권,"김종성,배한성,이정구,황일청 외 다수",임동주,마야,소설문학
173,우리나라 삼국지 3권,"김종성,배한성,이정구,황일청 외 다수",임동주,마야,소설문학
174,우리나라 삼국지 2권,"김종성,배한성,이정구,황일청 외 다수",임동주,마야,소설문학
175,우리나라 삼국지 1권,"김종성, 배한성, 이정구, 황일청 외 다수,김종성,배한성,이정구,황일청 외 다수",임동주,마야,소설문학
176,[남우현 낭독] 영화처럼 세이셀 (단편),남우현 (인피니트),공지희,자음과 모음,소설문학
177,[이성종 낭독] 바람의 독서법 (단편),이성종 (인피니트),김선영,자음과 모음,소설문학
178,에도가와 란포 소년탐정단 시리즈 3 - 요괴 박사,김명철,"에도가와 란포,역자 백운숙",왓북,소설문학
179,에도가와 란포 소년탐정단 시리즈 2 - 소년탐정단,김명철,"에도가와 란포,역자 문지영",왓북,소설문학
180,에도가와 란포 소년탐정단 시리즈 1 - 괴도 20가면,김명철,"에도가와 란포,역자 이선경",왓북,소설문학
181,우리 가족은 꽤나 진지합니다,봉태규,봉태규,더퀘스트,소설문학
182,고전 공포 걸작선,김명철,"코난 도일 외,역자 송은우",왓북,소설문학
183,내게만 보이는 남자,김주연,최광희,시크릿하우스,소설문학
184,아라비안 나이트,김명철,"리처드 프랜시스 버튼,역자 번역너머",왓북,소설문학
185,노인과 바다,김명철,"어니스트 헤밍웨이,WriteNow 번역",왓북,소설문학
186,봄비 내리는 날,민승우,김한수,창비,소설문학
187,바늘,신찬혁,천운영,창비,소설문학
188,세상에 없는 나의 집,김민정,금희,창비,소설문학
189,더블 side B,남도형,박민규,창비,소설문학
190,그 남자의 가출,신찬혁,손홍규,창비,소설문학
191,프랑스식 세탁소,민승우,정미경,창비,소설문학
192,알로하,박고운,윤고은,창비,소설문학
193,지극히 내성적인,이인석,최정화,창비,소설문학
194,[최유정 낭독] 고양이의 날 (단편),최유정 (위키미키),이현,창비,소설문학
195,[지수연 낭독] 꿈을 지키는 카메라 (단편),지수연 (위키미키),김중미,창비,소설문학
196,[김도연 낭독] 림 로드 (단편),김도연 (위키미키),배미주,창비,소설문학
197,어쩌면 내가 가장 듣고 싶었던 말 (요약),"홍예지,권태호",정희재,갤리온,소설문학
198,[하성운 낭독] 라면은 멋있다 (단편),하성운,공선옥,창비,소설문학
199,[이승열 낭독] 모든 곳에 존재하는 로마니의 황제 퀴에크 _ 작은책,이승열,김솔,아르테,소설문학
200,[윤덕원 낭독] 해피 아포칼립스! _ 작은책,윤덕원,백민석,아르테,소설문학
201,[청하 낭독] 환한 밤 (단편),청하,김아정,창비,소설문학
202,레몬,서혜정,권여선,창비,소설문학
203,다정한 구원,서혜정,임경선,미디어창비,소설문학
204,[공포괴담집] 무조건 모르는 척하세요,왓섭,문화류씨,요다,소설문학
205,후아유,이미나,이향규,창비교육,소설문학
206,익숙한 길의 왼쪽,서혜정,황선미,미디어창비,소설문학
207,더블 side A,남도형,박민규,창비,소설문학
208,인간에 대한 예의,박고운,공지영,창비,소설문학
209,파씨의 입문,김민정,황정은,창비,소설문학
210,내담자,장리,김세잔,예미,소설문학
211,겨울이야기(요약본),임승미,셰익스피어,북코스모스,소설문학
212,두 도시 이야기(요약본),김은정,찰스디킨스,북코스모스,소설문학
213,순수의 시대(요약본),임승미,이디스워튼,북코스모스,소설문학
214,오만과 편견(요약본),김은정,제인오스틴,북코스모스,소설문학
215,위대한 유산(요약본),김은정,찰스디킨스,북코스모스,소설문학
216,적과 흑(요약본),임승미,스탕달,북코스모스,소설문학
217,[공포괴담집] 저승에서 돌아온 남자,왓섭,문화류씨,요다,소설문학
218,[이음작가 단편] 누구의 잘못도 아닌,이음,이음,팟빵북스,소설문학
219,[이음작가 단편] 바다에 안부를 묻는 일,이음,이음,팟빵북스,소설문학
220,[이음작가 단편] 상냥한 백색,이음,이음,팟빵북스,소설문학
221,"[이음작가 단편] 괜찮아, 짖지 마",이음,이음,팟빵북스,소설문학
222,[이음작가 단편] 견디는 소음,이음,이음,팟빵북스,소설문학
223,당신의 별자리는 무엇인가요,유현준,유현준,와이즈베리,소설문학
224,시시한 사람이면 어때서,조현정,유정아,북폴리오,소설문학
225,[한예리 낭독] 안락 _ 작은책,한예리,은모든,아르테,소설문학
226,[김새벽 낭독] 인터내셔널의 밤 _ 작은책,김새벽,박솔뫼,아르테,소설문학
227,[단편] 황만근은 이렇게 말했다,,성석제,창비,소설문학
228,[단편] 해물 1킬로그램,,편혜영,창비,소설문학
229,[단편] 해룡 이야기,남도형,현기영,창비,소설문학
230,[단편] 핑크,,천명관,창비,소설문학
231,[단편] 폐경 전야,이미나,공선옥,창비,소설문학
232,[단편] 팽이,,최진영,창비,소설문학
233,[단편] 파충류의 밤,,천명관,창비,소설문학
234,[단편] 쾌활냇가의 명랑한 곗날,신찬혁,성석제,창비,소설문학
235,[단편] 카메라,,권여선,창비,소설문학
236,[단편] 칠면조와 달리는 육체노동자,,천명관,창비,소설문학
237,[단편] 충,,권여선,창비,소설문학
238,[단편] 초혼굿,남도형,현기영,창비,소설문학
239,[단편] 첫사랑,,최진영,창비,소설문학
240,[단편] 천하제일 남가이,,성석제,창비,소설문학
241,[단편] 천애윤락,신찬혁,성석제,창비,소설문학
242,[단편] 책,,성석제,창비,소설문학
243,[단편] 창,,최진영,창비,소설문학
244,[단편] 차이니스 위스퍼,이미나,김금희,창비,소설문학
245,[단편] 집으로 돌아오는 밤,이미나,김금희,창비,소설문학
246,[단편] 진지한 남자,김민정,공지영,창비,소설문학
247,[단편] 지워진 풍경,,전성태,창비,소설문학
248,[단편] 지독한 우정,이미나,공선옥,창비,소설문학
249,[단편] 지도 중독,이미나,은희경,창비,소설문학
250,[단편] 중국식 룰렛,,은희경,창비,소설문학
251,[단편] 준희,,김사과,창비,소설문학
252,[단편] 주단,,최진영,창비,소설문학
253,[단편] 종이 물고기,,김애란,창비,소설문학
254,[단편] 존재는 눈물을 흘린다,김민정,공지영,창비,소설문학
255,[단편] 조용한 나날,김민정,공지영,창비,소설문학
256,[단편] 정화된 밤,,은희경,창비,소설문학
257,[단편] 정오의 산책,,김사과,창비,소설문학
258,[단편] 전원교향곡,,천명관,창비,소설문학
259,[단편] 장미의 왕자,,은희경,창비,소설문학
260,[단편] 장글숲을 헤쳐서 가면,이미나,김금희,창비,소설문학
261,[단편] 이야기를 돌려드리다,,전성태,창비,소설문학
262,[단편] 이모,,권여선,창비,소설문학
263,[단편] 이나의 좁고 긴 방,,김사과,창비,소설문학
264,[단편] 의심을 찬양함,이미나,은희경,창비,소설문학
265,[단편] 유리 가가린의 푸른 별,이미나,은희경,창비,소설문학
266,[단편] 월드빌 401호,,최진영,창비,소설문학
267,[단편] 움직이면 움직일수록 이상한 일이 벌어지는 오늘은 참으로 신기한 날이다,,김사과,창비,소설문학
268,[단편] 우이동의 봄,,천명관,창비,소설문학
269,[단편] 우리 집에 왜 왔니,이미나,김금희,창비,소설문학
270,[단편] 욕탕의 여인들,신찬혁,성석제,창비,소설문학
271,[단편] 왕들의 무덤,,천명관,창비,소설문학
272,[단편] 옥천 가는 날,,김숨,창비,소설문학
273,[단편] 영희는 언제 우는가,이미나,공선옥,창비,소설문학
274,[단편] 영접,,전성태,창비,소설문학
275,[단편] 영이(02),,김사과,창비,소설문학
276,[단편] 영원한 화자,,김애란,창비,소설문학
277,[단편] 열쇠,이미나,공지영,창비,소설문학
278,[단편] 역광,,권여선,창비,소설문학
279,[단편] 엘리,,최진영,창비,소설문학
280,[단편] 언덕 너머 눈구름,이미나,공선옥,창비,소설문학
281,[단편] 어디쯤,,최진영,창비,소설문학
282,[단편] 야행,,편혜영,창비,소설문학
283,[단편] 아이들,이미나,김금희,창비,소설문학
284,[단편] 아버지,남도형,현기영,창비,소설문학
285,[단편] 아무도 모르는 가을,이미나,공선옥,창비,소설문학
286,[단편] 아무도 돌아오지 않는 밤,,김숨,창비,소설문학
287,[단편] 아름다움이 나를 멸시한다,이미나,은희경,창비,소설문학
288,[단편] 아내와 개오동,남도형,현기영,창비,소설문학
289,[단편] 실내화 한켤레,,권여선,창비,소설문학
290,[단편] 스카이 콩콩,,김애란,창비,소설문학
291,[단편] 순이 삼촌,남도형,현기영,창비,소설문학
292,[단편] 소풍,,전성태,창비,소설문학
293,[단편] 소드방놀이,남도형,현기영,창비,소설문학
294,[단편] 소녀들은 자라고 오빠들은 즐겁다,,전성태,창비,소설문학
295,[단편] 센티멘털도 하루 이틀,이미나,김금희,창비,소설문학
296,[단편] 성묘,,전성태,창비,소설문학
297,[단편] 섬,이미나,공지영,창비,소설문학
298,[단편] 서쪽으로 4센티미터,,편혜영,창비,소설문학
299,"[단편] 새끼, 자라다",,최진영,창비,소설문학
300,[단편] 삼인행,,권여선,창비,소설문학
301,[단편] 사북(舍北),이미나,김금희,창비,소설문학
302,[단편] 사랑의 인사,,김애란,창비,소설문학
303,[단편] 빗속에서,이미나,공선옥,창비,소설문학
304,[단편] 빈 들의 속삭임,이미나,공지영,창비,소설문학
305,[단편] 비오는 달밤,이미나,공선옥,창비,소설문학
306,[단편] 비밀의 호의,,편혜영,창비,소설문학
307,[단편] 블랙아웃(Blackout),,편혜영,창비,소설문학
308,[단편] 불연속선,,은희경,창비,소설문학
309,[단편] 봄밤,,권여선,창비,소설문학
310,"[단편] 봄, 사자의 서",,천명관,창비,소설문학
311,[단편] 별이 총총한 언덕,이미나,공선옥,창비,소설문학
312,[단편] 별의 동굴,,은희경,창비,소설문학
313,[단편] 별들의 들판,이미나,공지영,창비,소설문학
314,[단편] 배웅,,전성태,창비,소설문학
315,[단편] 밥그릇,,전성태,창비,소설문학
316,[단편] 밤의 마침,,편혜영,창비,소설문학
317,[단편] 모스끄바에는 아무도 없다,김민정,공지영,창비,소설문학
318,[단편] 명랑한 밤길,이미나,공선옥,창비,소설문학
319,[단편] 명당을 찾아서,,김숨,창비,소설문학
320,[단편] 매장,,김사과,창비,소설문학
321,[단편] 망향의 집,,전성태,창비,소설문학
322,[단편] 막차,,김숨,창비,소설문학
323,[단편] 릴리,이미나,김금희,창비,소설문학
324,[단편] 로동신문,,전성태,창비,소설문학
325,[단편] 동백꽃,,천명관,창비,소설문학
326,[단편] 동냥꾼,남도형,현기영,창비,소설문학
327,[단편] 돈가방,,최진영,창비,소설문학
328,[단편] 도령마루의 까마귀,남도형,현기영,창비,소설문학
329,[단편] 도넛과 토마토,이미나,공선옥,창비,소설문학
330,[단편] 대용품,,은희경,창비,소설문학
331,[단편] 대기자들,,김숨,창비,소설문학
332,[단편] 당신의 나라에서,이미나,김금희,창비,소설문학
333,"[단편] 달려라, 아비",송하림,김애란,창비,소설문학
334,[단편] 누가 해변에서 함부로 불꽃놀이를 하는가,,김애란,창비,소설문학
335,[단편] 노크하지 않는 집,,김애란,창비,소설문학
336,[단편] 네게 강 같은 평화,이미나,공지영,창비,소설문학
337,[단편] 너의 도큐먼트,이미나,김금희,창비,소설문학
338,[단편] 남편,,최진영,창비,소설문학
339,[단편] 날씨와 생활,이미나,은희경,창비,소설문학
340,[단편] 낚시하는 소녀,,전성태,창비,소설문학
341,[단편] 나와 b,,김사과,창비,소설문학
342,[단편] 나는 편의점에 간다,,김애란,창비,소설문학
343,"[단편] 꽃의 피, 피의 꽃",신찬혁,성석제,창비,소설문학
344,[단편] 꽃샘바람,남도형,현기영,창비,소설문학
345,[단편] 꽃 진 자리,이미나,공선옥,창비,소설문학
346,[단편] 길,김민정,공지영,창비,소설문학
347,[단편] 그녀가 잠 못 드는 이유가 있다,,김애란,창비,소설문학
348,[단편] 그 밤의 경숙,,김숨,창비,소설문학
349,[단편] 귓가에 남은 음성,이미나,공지영,창비,소설문학
350,[단편] 국화를 안고,,전성태,창비,소설문학
351,[단편] 국수,,김숨,창비,소설문학
352,[단편] 구덩이,,김숨,창비,소설문학
353,[단편] 광기의 역사,김민정,공지영,창비,소설문학
354,[단편] 과학자,,김사과,창비,소설문학
355,"[단편] 고요한 밤, 거룩한 밤",,김숨,창비,소설문학
356,[단편] 고독의 발견,이미나,은희경,창비,소설문학
357,[단편] 고독,김민정,공지영,창비,소설문학
358,[단편] 겨울 앞에서,남도형,현기영,창비,소설문학
359,[단편] 개들의 예감,,편혜영,창비,소설문학
360,[단편] 가장 처음의 일,,편혜영,창비,소설문학
361,[단편] Track 6 독립운동가 변강쇠,이인석,최민석,창비,소설문학
362,[단편] Track 5 ‘속’ 시티투어버스를 탈취하라,이인석,최민석,창비,소설문학
363,[단편] Track 4 국가란 무엇인가,이인석,최민석,창비,소설문학
364,"[단편] Track 3 “괜찮아, 니 털쯤은”",이인석,최민석,창비,소설문학
365,[단편] Track 2 부산말로는 할 수 없었던 이방인 부르스의 말로,이인석,최민석,창비,소설문학
366,[단편] Track 1 시티투어버스를 탈취하라,이인석,최민석,창비,소설문학
367,[단편] Bonus Track 누구신지…,이인석,최민석,창비,소설문학
368,[단편] 79년의 아이,이미나,공선옥,창비,소설문학
369,"시인 동주(하늘과 바람과 별과 시, 시 20편)",,안소영,창비,소설문학
370,온(시 9편),,안미옥,창비,소설문학
371,"싱고,라고 불렀다(시 9편)",,신미나,창비,소설문학
372,비벌리힐스의 포르노 배우와 유령들(시 9편),,주하림,창비,소설문학
373,내가 무엇을 쓴다 해도(시 8편),,이근화,창비,소설문학
374,떠도는 먼지들이 빛난다(시 7편),,손택수,창비,소설문학
375,사진관집 이층(시 8편),,신경림,창비,소설문학
376,너의 슬픔이 끼어들 때(시 7편),,안희연,창비,소설문학
377,개천은 용의 홈타운(시 7편),,최정례,창비,소설문학
378,비의 목록(시 7편),,김희업,창비,소설문학
379,착한 애인은 없다네(시 7편),,이창기,창비,소설문학
380,사랑도 없이 개미귀신(시 7편),,최금진,창비,소설문학
381,우리처럼 낯선(시 7편),,전동균,창비,소설문학
382,사랑은 어느날 수리된다(시 7편),,안현미,창비,소설문학
383,그리운 나무(시 7편),,정희성,창비,소설문학
384,애인은 토막 난 순대처럼 운다(시 6편),,권혁웅,창비,소설문학
385,생활이라는 생각(시 5편),,이현승,창비,소설문학
386,내가 살아갈 사람(시 5편),,김중일,창비,소설문학
387,심장에 가까운 말(시 5편),,박소란,창비,소설문학
388,무중력 화요일(시 5편),,김재근,창비,소설문학
389,담장을 허물다(시 5편),,공광규,창비,소설문학
390,거푸집 연주(시 4편),,김정환,창비,소설문학
391,내일의 노래(시 4편),,고은,창비,소설문학
392,어린 당나귀 곁에서(시 20편),,김사인,창비,소설문학
393,무제 시편(시 15편),,고은,창비,소설문학
394,마치 잔칫날처럼(시 15편),,고은,창비,소설문학
395,여행(시 13편),,정호승,창비,소설문학
396,사월 바다(시 12편),,도종환,창비,소설문학
397,아무도 찾아오지 않는 거울이다(시 11편),,고형렬,창비,소설문학
398,호야네 말(시 11편),,이시영,창비,소설문학
399,사랑할 때와 죽을 때(시 11편),,황학주,창비,소설문학
400,새벽에 눈을 뜨면 가야 할 곳이 있다(시 11편),,민영,창비,소설문학
401,키스를 원하지 않는 입술(시 11편),,김용택,창비,소설문학
402,아름다운 그런데(시 10편),,한인준,창비,소설문학
403,사라진 입을 위한 선언(시 10편),,신두호,창비,소설문학
404,나는 희망을 거절한다(시 10편),,정호승,창비,소설문학
405,울고 들어온 너에게(시 10편),,김용택,창비,소설문학
406,우리들의 마지막 얼굴(시 10편),,문태준,창비,소설문학
407,나무는 간다(시 10편),,이영광,창비,소설문학
408,전당포는 항구다(시 10편),,박형권,창비,소설문학
409,천국은 언제쯤 망가진 자들을 수거해가나(시 10편),,김성규,창비,소설문학
410,눈물을 자르는 눈꺼풀처럼(시 10편),,함민복,창비,소설문학
411,사막 식당(시 10편),,김성대,창비,소설문학
412,그리움의 넓이(시 10편),,김주대,창비,소설문학
413,거인을 보았다(시 10편),,백상웅,창비,소설문학
414,아몬드,,손원평,창비,소설문학
415,위저드 베이커리,,구병모,창비,소설문학
416,여울물 소리,,황석영,창비,소설문학
417,계속해보겠습니다,,황정은,창비,소설문학
418,투명인간,,성석제,창비,소설문학
419,소년이 온다,,한강,창비,소설문학
420,두근두근 내 인생,,김애란,창비,소설문학
421,강남몽,,황석영,창비,소설문학
422,엄마를 부탁해,,신경숙,미디어창비,소설문학
423,완득이,,김려령,미디어창비,소설문학
424,별들의 들판,이미나,공지영,창비,소설문학
425,영이(02),,김사과,창비,소설문학
426,순이 삼촌,,현기영,창비,소설문학
427,시티투어 버스를 탈취하라,,최민석,창비,소설문학
428,센티멘털도 하루 이틀,이미나,김금희,창비,소설문학
429,명랑한 밤길,이미나,공선옥,창비,소설문학
430,아름다움이 나를 멸시한다,이미나,은희경,창비,소설문학
431,황만근은 이렇게 말했다,신찬혁,성석제,창비,소설문학
432,존재는 눈물을 흘린다,김민정,공지영,창비,소설문학
433,중국식 룰렛,,은희경,창비,소설문학
434,안녕 주정뱅이,,권여선,창비,소설문학
435,두번의 자화상,,전성태,창비,소설문학
436,칠면조와 달리는 육체노동자,,천명관,창비,소설문학
437,국수,,김숨,창비,소설문학
438,팽이,,최진영,창비,소설문학
439,밤이 지나간다,,편혜영,창비,소설문학
440,"달려라, 아비",송하림,김애란,창비,소설문학
441,<테이크아웃 오디오북> 우리집 강아지,낭만서점,김학찬,미메시스,소설문학
442,<테이크아웃 오디오북> 목견,낭만서점,임현,미메시스,소설문학
443,<테이크아웃 오디오북> 부산 이후부터,낭만서점,황현진,미메시스,소설문학
444,<테이크아웃 오디오북> 문학의 새로운 세대,낭만서점,손아람,미메시스,소설문학
445,<테이크아웃 오디오북> 몫,낭만서점,최은영,미메시스,소설문학
446,[단편] 효진,정세랑,정세랑,미디어창비,소설문학
447,[김동식 단편] 피노키오의 꿈,이준우,김동식,요다,소설문학
448,[김동식 단편] 스크류지의 뱀파이어 가게,김민섭,김동식,요다,소설문학
449,[김동식 단편] 지옥으로 간 사이비 교주,이준우,김동식,요다,소설문학
450,[김동식 단편] 444번 채널의 동굴인들,이준우,김동식,요다,소설문학
451,[김동식 단편] 어린 왕자의 별,이준우,김동식,요다,소설문학
452,[김동식 단편] 협곡에서의 식인,이준우,김동식,요다,소설문학
453,[김동식 단편] 공 박사의 좀비 바이러스,이준우,김동식,요다,소설문학
454,[김동식 단편] 영원히 늙지 않는 인간들,이준우,김동식,요다,소설문학
455,[김동식 단편] 흐르는 물이 되어,이준우,,김동식,소설문학
456,[김동식 단편] 어디까지 인간으로 볼 것인가,이준우,김동식,요다,소설문학
457,[김동식 단편] 사망 공동체,김민섭,김동식,요다,소설문학
458,[김동식 단편] 식인 빌딩,이준우,김동식,요다,소설문학
459,[김동식 단편] 인간 재활용,이준우,김동식,요다,소설문학
460,[김동식 단편] 돈독 오른 예언가,이준우,김동식,요다,소설문학
461,[김동식 단편] 보물은 쓸 줄 아는 사람에게 주어져야 한다,이준우,김동식,요다,소설문학
462,[김동식 단편] 운석의 주인,이준우,김동식,요다,소설문학
463,"[김동식 단편] 소녀와 소년, 누구를 선택해야 하는가?",이준우,김동식,요다,소설문학
464,[김동식 단편] 디지털 고려장,이준우,김동식,요다,소설문학
465,[김동식 단편] 손가락이 여섯 개인 신인류,김민섭,김동식,요다,소설문학
466,[김동식 단편] 신의 소원,이준우,김동식,요다,소설문학
467,[김동식 단편] 아웃팅,이준우,김동식,요다,소설문학
468,"[김동식 단편] 낮인간, 밤인간",이준우,김동식,요다,소설문학
469,[김동식 단편] 무인도의 부자 노인,김민섭,김동식,요다,소설문학
470,[김동식 단편] 회색 인간,김민섭,김동식,요다,소설문학
471,회색 인간,"김민섭,이준우",김동식,요다,소설문학
472,조선의 마지막 황태자 이은,"윤호,심규혁,권인지,유경선,이재범",김근배,테라스북,소설문학
473,조여정의 오이디푸스왕,조여정,소포클레스,(주)오디언소리,소설문학
474,이보영의 노인과 바다,이보영,헤밍웨이,책읽는동네,소설문학
475,당신의 슬픔을 훔칠게요,김현,김현,미디어창비,소설문학
476,[커뮤니케이션이해총서]미국 독립영화,이현재,이현재,커뮤니케이션북스,오디오북스
477,[커뮤니케이션이해총서]크로스미디어 스토리텔링,서성은,서성은,커뮤니케이션북스,오디오북스
478,"[커뮤니케이션이해총서]세책, 도서 대여의 역사",이민희,이민희,커뮤니케이션북스,오디오북스
479,"[커뮤니케이션이해총서]미디어 교육, 내용의 구성",이혜진,이혜진,커뮤니케이션북스,오디오북스
480,[커뮤니케이션이해총서]젠트리피케이션,서정렬,"김현아, 서정렬",커뮤니케이션북스,오디오북스
481,[커뮤니케이션이해총서]한국의 극장,위경혜,위경혜,커뮤니케이션북스,오디오북스
482,[커뮤니케이션이해총서]나의 다큐멘터리,최진성,최진성,커뮤니케이션북스,오디오북스
483,[커뮤니케이션이해총서]음악 산업과 저작권,조재영,조재영,커뮤니케이션북스,오디오북스
484,[커뮤니케이션이해총서]디지털 내러티브,전경란,전경란,커뮤니케이션북스,오디오북스
485,[커뮤니케이션이해총서]과학명상,김완석,김완석,커뮤니케이션북스,오디오북스
486,[커뮤니케이션이해총서]유럽에서 저작권과 구글의 투쟁,한수경,한수경,커뮤니케이션북스,오디오북스
487,[커뮤니케이션이해총서]스포츠 마케팅,문개성,문개성,커뮤니케이션북스,오디오북스
488,[커뮤니케이션이해총서]사이버불링,한희정,한희정,커뮤니케이션북스,오디오북스
489,[커뮤니케이션이해총서]SF영화와 로봇 사회학,민경배,민경배,커뮤니케이션북스,오디오북스
490,[커뮤니케이션이해총서]광고의 스토리텔링 기법,김정우,김정우,커뮤니케이션북스,오디오북스
491,[커뮤니케이션이해총서]호감,박성호,박성호,커뮤니케이션북스,오디오북스
492,[커뮤니케이션이해총서]현대시와 미디어,임곤택,임곤택,커뮤니케이션북스,오디오북스
493,[커뮤니케이션이해총서]위기관리의 이해,유재웅,유재웅,커뮤니케이션북스,오디오북스
494,[커뮤니케이션이해총서]게임의 역사,나보라,나보라,커뮤니케이션북스,오디오북스
495,[커뮤니케이션이해총서]음향효과,안익수,안익수,커뮤니케이션북스,오디오북스
496,[커뮤니케이션이해총서]디즈니 스튜디오,오동일,오동일,커뮤니케이션북스,오디오북스
497,[커뮤니케이션이해총서]무크 10대 이슈,민경배,민경배,커뮤니케이션북스,오디오북스
498,[커뮤니케이션이해총서]공익광고의 정석,김병희,김병희,커뮤니케이션북스,오디오북스
499,[커뮤니케이션이해총서]히틀러의 대중 연설,김종영,김종영,커뮤니케이션북스,오디오북스
500,[커뮤니케이션이해총서]스포츠 매니지먼트,문개성,문개성,커뮤니케이션북스,오디오북스
501,[커뮤니케이션이해총서]스포츠 인문과 사회,문개성,문개성,커뮤니케이션북스,오디오북스
502,[커뮤니케이션이해총서]선거와 표현의 자유,김경호,김경호,커뮤니케이션북스,오디오북스
503,[커뮤니케이션이해총서]국력이란 무엇인가,"최창현, 주성돈","최창현, 주성돈",커뮤니케이션북스,오디오북스
504,[커뮤니케이션이해총서]트랜스미디어 액티비즘,"김희경, 남정은","김희경, 남정은",커뮤니케이션북스,오디오북스
505,[커뮤니케이션이해총서]뉴스 어뷰징과 검색 알고리즘,김병희,김병희,커뮤니케이션북스,오디오북스
506,[커뮤니케이션이해총서]북한 기록영화,김승,김승,커뮤니케이션북스,오디오북스
507,[커뮤니케이션이해총서]뇌과학과 커뮤니케이션,이재신,이재신,커뮤니케이션북스,오디오북스
508,"[커뮤니케이션이해총서]디자인의 새로운 지형, 저작권과 상표권",최승재,최승재,커뮤니케이션북스,오디오북스
509,[커뮤니케이션이해총서]자아 커뮤니케이션,김진영,김진영,커뮤니케이션북스,오디오북스
510,[커뮤니케이션이해총서]조선 후기 대항공론장,원숙경,원숙경,커뮤니케이션북스,오디오북스
511,[커뮤니케이션이해총서]디지털 액터,정태섭,정태섭,커뮤니케이션북스,오디오북스
512,[커뮤니케이션이해총서]해리 포터와 환상세계의 힘,이영수,이영수,커뮤니케이션북스,오디오북스
513,[커뮤니케이션이해총서]임권택 영화,김대중,김대중,커뮤니케이션북스,오디오북스
514,[커뮤니케이션이해총서]정치와 커뮤니케이션,김창남,김창남,커뮤니케이션북스,오디오북스
515,[커뮤니케이션이해총서]공연 기획 입문,박정배,박정배,커뮤니케이션북스,오디오북스
516,[커뮤니케이션이해총서]시간을 이긴 디자인 10선,조영식,조영식,커뮤니케이션북스,오디오북스
517,[커뮤니케이션이해총서]로컬 콘텐츠의 기획과 제작,"김영수, 이정기","김영수, 이정기",커뮤니케이션북스,오디오북스
518,[커뮤니케이션이해총서]원소스멀티유스와 저작권 침해,최승재,최승재,커뮤니케이션북스,오디오북스
519,[커뮤니케이션이해총서]인디 게임,이정엽,이정엽,커뮤니케이션북스,오디오북스
520,[커뮤니케이션이해총서]성공적인 글로벌 기업 이미지 마케팅,강승구,강승구,커뮤니케이션북스,오디오북스
521,[커뮤니케이션이해총서]경합적 민주주의,유용민,유용민,커뮤니케이션북스,오디오북스
522,[커뮤니케이션이해총서]중국인의 체면,주민욱,주민욱,커뮤니케이션북스,오디오북스
523,[커뮤니케이션이해총서]저널리스트,이현택,이현택,커뮤니케이션북스,오디오북스
524,[커뮤니케이션이해총서]사과의 공식,이현우,이현우,커뮤니케이션북스,오디오북스
525,[커뮤니케이션이해총서]사용자경험과 서비스 변화,문재승,문재승 김한준 백소연 태은주,커뮤니케이션북스,오디오북스
526,[커뮤니케이션이해총서]10대를 위한 미디어,김덕원,김덕원,커뮤니케이션북스,오디오북스
527,[커뮤니케이션이해총서]네트워크와 운하,박태순,박태순,커뮤니케이션북스,오디오북스
528,[커뮤니케이션이해총서]대중가요 리메이크와 복고,박선민,박선민,커뮤니케이션북스,오디오북스
529,[커뮤니케이션이해총서]트랜스미디어 콘텐츠의 세계,김희경,김희경,커뮤니케이션북스,오디오북스
530,[커뮤니케이션이해총서]단편영화 연출,김아론,김아론,커뮤니케이션북스,오디오북스
531,[커뮤니케이션이해총서]미디어와 문화,김형곤,김형곤,커뮤니케이션북스,오디오북스
532,[커뮤니케이션이해총서]대중문화 비평의 관점과 기술,김정은,김정은,커뮤니케이션북스,오디오북스
533,[커뮤니케이션이해총서]환자를 위하는 의사의 대화법,우상수,우상수,커뮤니케이션북스,오디오북스
534,[커뮤니케이션이해총서]사전과 정보란 무엇인가,안의정,안의정,커뮤니케이션북스,오디오북스
535,[커뮤니케이션이해총서]가십,김정희,김정희,커뮤니케이션북스,오디오북스
536,[커뮤니케이션이해총서]스트리밍 시대의 비디오 저널리스트,이호은,이호은,커뮤니케이션북스,오디오북스
537,[커뮤니케이션이해총서]디지털 영상 플랫폼의 이해,김혜미,김혜미,커뮤니케이션북스,오디오북스
538,[커뮤니케이션이해총서]스마트 시대의 광고 문화,김병희,김병희,커뮤니케이션북스,오디오북스
539,[커뮤니케이션이해총서]소통과 공감의 힘,임동욱,임동욱,커뮤니케이션북스,오디오북스
540,[커뮤니케이션이해총서]디지털 방송의 보편적 서비스,최은경,최은경,커뮤니케이션북스,오디오북스
541,[커뮤니케이션이해총서]축제와 융합 콘텐츠 전략,류정아,류정아,커뮤니케이션북스,오디오북스
542,[커뮤니케이션이해총서]퍼스널 스토리텔링 전략,김태욱,김태욱,커뮤니케이션북스,오디오북스
543,[커뮤니케이션이해총서]소셜 미디어 시대의 광고,소현진,"김병희, 소현진, 이희복",커뮤니케이션북스,오디오북스
544,[커뮤니케이션이해총서]프로덕션 디자이너,심형근,심형근,커뮤니케이션북스,오디오북스
545,[커뮤니케이션이해총서]국제 공동제작,배기형,배기형,커뮤니케이션북스,오디오북스
546,[커뮤니케이션이해총서]스마트폰과 디지털 영상 제작,송낙원,송낙원,커뮤니케이션북스,오디오북스
547,[커뮤니케이션이해총서]오디오북과 낭독,"이진숙, 김희선","이진숙, 김희선",커뮤니케이션북스,오디오북스
548,[커뮤니케이션이해총서]미디어 리터러시 교육의 이해,김아미,김아미,커뮤니케이션북스,오디오북스
549,[커뮤니케이션이해총서]기만적인 표시 광고,조재영,조재영,커뮤니케이션북스,오디오북스
550,[커뮤니케이션이해총서]영화 흥행 요인,장병희,장병희,커뮤니케이션북스,오디오북스
551,[커뮤니케이션이해총서]스포츠 스폰서십의 이해,이재우,이재우,커뮤니케이션북스,오디오북스
552,[커뮤니케이션이해총서]문화예술 PR,김병희,김병희,커뮤니케이션북스,오디오북스
553,[커뮤니케이션이해총서]미디어 기호학,백선기,백선기,커뮤니케이션북스,오디오북스
554,[커뮤니케이션이해총서]미디어 제도 연구,허찬행,허찬행,커뮤니케이션북스,오디오북스
555,[커뮤니케이션이해총서]미디어 담론,백선기,백선기,커뮤니케이션북스,오디오북스
556,[커뮤니케이션이해총서]세계 방송의 거인들,김해영,"김우룡, 김해영",커뮤니케이션북스,오디오북스
557,[커뮤니케이션이해총서]주크박스 뮤지컬,원종원,원종원,커뮤니케이션북스,오디오북스
558,[커뮤니케이션이해총서]미디어 리터러시의 이해,전경란,전경란,커뮤니케이션북스,오디오북스
559,[커뮤니케이션이해총서]대중문화론,백선기,백선기,커뮤니케이션북스,오디오북스
560,[커뮤니케이션이해총서]텔레비전과 시청률,심미선,심미선,커뮤니케이션북스,오디오북스
561,[커뮤니케이션이해총서]다큐멘터리 피칭,배기형,배기형,커뮤니케이션북스,오디오북스
562,[커뮤니케이션이해총서]커뮤니케이션 정치경제학자들,최은경,최은경,커뮤니케이션북스,오디오북스
563,[커뮤니케이션이해총서]푸드 커뮤니케이션 전략,최홍규,최홍규,커뮤니케이션북스,오디오북스
564,[커뮤니케이션이해총서]콘텐츠 큐레이션,최홍규,최홍규,커뮤니케이션북스,오디오북스
565,[커뮤니케이션이해총서]비언어 커뮤니케이션,김해영,"김우룡, 김해영",커뮤니케이션북스,오디오북스
566,[커뮤니케이션이해총서]들뢰즈와 미디어,최영송,최영송,커뮤니케이션북스,오디오북스
567,[커뮤니케이션이해총서]공공서비스 미디어,최선욱,최선욱,커뮤니케이션북스,오디오북스
568,[커뮤니케이션이해총서]기업을 바꾼 10대 정보시스템,노규성,노규성,커뮤니케이션북스,오디오북스
569,[커뮤니케이션이해총서]유럽 영화 운동,이나라,이나라,커뮤니케이션북스,오디오북스
570,[커뮤니케이션이해총서]뉴로 커뮤니케이션,조창연,조창연,커뮤니케이션북스,오디오북스
571,[커뮤니케이션이해총서]해석수준 이론과 거리감 효과,정의준,"정의준, 유승호",커뮤니케이션북스,오디오북스
572,"[커뮤니케이션이해총서]통신의 역사, 봉수에서 아이폰까지",김해영,"김우룡, 김해영",커뮤니케이션북스,오디오북스
573,[커뮤니케이션이해총서]글로벌 PR의 오늘,신인섭,"신인섭, 이명천",커뮤니케이션북스,오디오북스
574,[커뮤니케이션이해총서]사라진 방송국,한진만,한진만,커뮤니케이션북스,오디오북스
575,[커뮤니케이션이해총서]사물인터넷 사회,노규성,노규성,커뮤니케이션북스,오디오북스
576,[커뮤니케이션이해총서]미디어 글쓰기,조철래,조철래,커뮤니케이션북스,오디오북스
577,[커뮤니케이션이해총서]대중가요 작사,김태희,김태희,커뮤니케이션북스,오디오북스
578,[커뮤니케이션이해총서]ott 서비스의 이해,배기형,배기형,커뮤니케이션북스,오디오북스
579,"[커뮤니케이션이해총서]어카운터빌리티, 새로운 미디어 규범",정수영,정수영,커뮤니케이션북스,오디오북스
580,[커뮤니케이션이해총서]미디어 모니터링,임동욱,임동욱,커뮤니케이션북스,오디오북스
581,[커뮤니케이션이해총서]방송 재원,황근,황근,커뮤니케이션북스,오디오북스
582,[커뮤니케이션이해총서]세계 10대 메가 스포츠 이벤트와 스폰서십,김주호,김주호,커뮤니케이션북스,오디오북스
583,[커뮤니케이션이해총서]한국의 방송위원회,한진만,한진만,커뮤니케이션북스,오디오북스
584,[커뮤니케이션이해총서]인터넷 자율 규제와 법,황승흠,황승흠,커뮤니케이션북스,오디오북스
585,[커뮤니케이션이해총서]가족 커뮤니케이션,반승원,반승원,커뮤니케이션북스,오디오북스
586,[커뮤니케이션이해총서]미디어 경제학,장병희,장병희,커뮤니케이션북스,오디오북스
587,[커뮤니케이션이해총서]디지털 세대 문화 정체성,이종임,이종임,커뮤니케이션북스,오디오북스
588,[커뮤니케이션이해총서]대중문화예술산업발전법 해설,황승흠,황승흠,커뮤니케이션북스,오디오북스
589,[커뮤니케이션이해총서]미디어의 세계화 이론과 모순,한수경,한수경,커뮤니케이션북스,오디오북스
590,[커뮤니케이션이해총서]단편영화 제작 입문,이찬복,이찬복,커뮤니케이션북스,오디오북스
591,[커뮤니케이션이해총서]게임 플랫폼과 콘텐츠 진화,한창완,한창완,커뮤니케이션북스,오디오북스
592,[커뮤니케이션이해총서]전략적 커뮤니케이션,신호창,신호창,커뮤니케이션북스,오디오북스
593,[커뮤니케이션이해총서]게이미피케이션,권보연,권보연,커뮤니케이션북스,오디오북스
594,[커뮤니케이션이해총서]광고 심의 기준,조재영,조재영,커뮤니케이션북스,오디오북스
595,[커뮤니케이션이해총서]휴리스틱과 설득,윤선길,윤선길,커뮤니케이션북스,오디오북스
596,[커뮤니케이션이해총서]영화 카피,김은영,김은영,커뮤니케이션북스,오디오북스
597,[커뮤니케이션이해총서]그로테스크의 정치학,이창우,이창우,커뮤니케이션북스,오디오북스
598,[커뮤니케이션이해총서]유료 방송 산업의 이해,김희경,김희경,커뮤니케이션북스,오디오북스
599,[커뮤니케이션이해총서]문화예술교육의 이해,이정화,이정화,커뮤니케이션북스,오디오북스
600,[커뮤니케이션이해총서]미디어와 명예훼손,박아란,박아란,커뮤니케이션북스,오디오북스
601,[커뮤니케이션이해총서]문화소비,이정화,이정화,커뮤니케이션북스,오디오북스
602,[커뮤니케이션이해총서]문화환경의 이해,이정화,이정화,커뮤니케이션북스,오디오북스
603,[커뮤니케이션이해총서]영상 스토리텔링의 일반 원리,권승태,권승태,커뮤니케이션북스,오디오북스
604,[커뮤니케이션이해총서]현대 속담,곽은희,곽은희,커뮤니케이션북스,오디오북스
605,[커뮤니케이션이해총서]현대 수수께끼,곽은희,곽은희,커뮤니케이션북스,오디오북스
606,[커뮤니케이션이해총서]모바일 미디어와 일상,송종현,송종현,커뮤니케이션북스,오디오북스
607,[커뮤니케이션이해총서]복잡계로 바라본 C-P-N-D ICCT 생태계,최창현,"최창현, 정시구",커뮤니케이션북스,오디오북스
608,[커뮤니케이션이해총서]영화 연기,박서연,박서연,커뮤니케이션북스,오디오북스
609,[커뮤니케이션이해총서]유명인 광고,남인용,남인용,커뮤니케이션북스,오디오북스
610,[커뮤니케이션이해총서]광고와 설득,남인용,남인용,커뮤니케이션북스,오디오북스
611,[커뮤니케이션이해총서]브랜드 스토리텔링,김태욱,김태욱,커뮤니케이션북스,오디오북스
612,[커뮤니케이션이해총서]기상캐스터,김정윤,김정윤,커뮤니케이션북스,오디오북스
613,[커뮤니케이션이해총서]장르영화,배상준,배상준,커뮤니케이션북스,오디오북스
614,[커뮤니케이션이해총서]방송 콘텐츠 기획,이자혜,이자혜,커뮤니케이션북스,오디오북스
615,[커뮤니케이션이해총서]정부광고의 정석,김병희,김병희,커뮤니케이션북스,오디오북스
616,[커뮤니케이션이해총서]문화예술 8P 마케팅,김병희,김병희,커뮤니케이션북스,오디오북스
617,[커뮤니케이션이해총서]한국 방송사,윤홍근,윤홍근,커뮤니케이션북스,오디오북스
618,[커뮤니케이션이해총서]채널 브랜드 아이덴티티 디자인,심형근,심형근,커뮤니케이션북스,오디오북스
619,[커뮤니케이션이해총서]헬스 커뮤니케이션,정의철,정의철,커뮤니케이션북스,오디오북스
620,[커뮤니케이션이해총서]브리태니커 백과사전,장경식,장경식,커뮤니케이션북스,오디오북스
621,[커뮤니케이션이해총서]CF 직업,정상수,정상수,커뮤니케이션북스,오디오북스
622,[커뮤니케이션이해총서]한 단어 프레젠테이션,정상수,정상수,커뮤니케이션북스,오디오북스
623,[커뮤니케이션이해총서]방송 편성 전략,한진만,한진만,커뮤니케이션북스,오디오북스
624,[커뮤니케이션이해총서]오메가 설득 이론,이현우,이현우,커뮤니케이션북스,오디오북스
625,[커뮤니케이션이해총서]방송 사건,한진만,한진만,커뮤니케이션북스,오디오북스
626,[커뮤니케이션이해총서]축제 이론,류정아,류정아,커뮤니케이션북스,오디오북스
627,[커뮤니케이션이해총서]태아 커뮤니케이션,"정경희,박효미","정경희,박효미",커뮤니케이션북스,오디오북스
628,[커뮤니케이션이해총서]문화 산업의 기초이론,김평수,김평수,커뮤니케이션북스,오디오북스
629,[커뮤니케이션이해총서]컴퓨터그래픽스 역사,이인재,이인재,커뮤니케이션북스,오디오북스
630,[커뮤니케이션이해총서]브랜드 네이밍과 상표권,조성광,조성광,커뮤니케이션북스,오디오북스
631,[커뮤니케이션이해총서]중국 홍콩 타이완 영화,박희성,박희성,커뮤니케이션북스,오디오북스
632,[커뮤니케이션이해총서]세계 방송사,윤홍근,윤홍근,커뮤니케이션북스,오디오북스
633,[커뮤니케이션이해총서]시청률 조사,정용찬,정용찬,커뮤니케이션북스,오디오북스
634,[커뮤니케이션이해총서]슈퍼 히어로,한창완,한창완,커뮤니케이션북스,오디오북스
635,[커뮤니케이션이해총서]불통에 대한 이해,안민호,안민호,커뮤니케이션북스,오디오북스
636,[커뮤니케이션이해총서]인쇄 역사,오성상,오성상,커뮤니케이션북스,오디오북스
637,[커뮤니케이션이해총서]미디어 아트,정동암,정동암,커뮤니케이션북스,오디오북스
638,[커뮤니케이션이해총서]영화 제작 기획서 쓰는 법,유세문,유세문,커뮤니케이션북스,오디오북스
639,[커뮤니케이션이해총서]비즈니스 혁신의 10대 경영도구,노규성,노규성,커뮤니케이션북스,오디오북스
640,[커뮤니케이션이해총서]커뮤니케이션,오미영,오미영,커뮤니케이션북스,오디오북스
641,[커뮤니케이션이해총서]TV 뉴스 편집,김강석,김강석,커뮤니케이션북스,오디오북스
642,[커뮤니케이션이해총서]문화 연구자,정재철,정재철,커뮤니케이션북스,오디오북스
643,[커뮤니케이션이해총서]브랜드 네이밍,정경일,정경일,커뮤니케이션북스,오디오북스
644,[커뮤니케이션이해총서]할리우드 영화,신강호,신강호,커뮤니케이션북스,오디오북스
645,[커뮤니케이션이해총서]만화의 문화 정치와 산업,한창완,한창완,커뮤니케이션북스,오디오북스
646,[커뮤니케이션이해총서]라디오 수신기의 역사,남표,남표,커뮤니케이션북스,오디오북스
647,[커뮤니케이션이해총서]라디오 프로그램 포맷,김승월,김승월,커뮤니케이션북스,오디오북스
648,[커뮤니케이션이해총서]행복 소통의 심리,나은영,나은영,커뮤니케이션북스,오디오북스
649,[커뮤니케이션이해총서]글로벌 스포츠 마케팅,이재우,이재우,커뮤니케이션북스,오디오북스
650,[커뮤니케이션이해총서]디지털 미디어 디자인,진경아,진경아,커뮤니케이션북스,오디오북스
651,[커뮤니케이션이해총서]콘셉트 커뮤니케이션,이현영,이현영,커뮤니케이션북스,오디오북스
652,[커뮤니케이션이해총서]출판 저작권,김기태,김기태,커뮤니케이션북스,오디오북스
653,[커뮤니케이션이해총서]출판 기획물의 세계사,부길만,부길만,커뮤니케이션북스,오디오북스
654,[커뮤니케이션이해총서]텔레비전 프로그램 포맷,은혜정,은혜정,커뮤니케이션북스,오디오북스
655,[커뮤니케이션이해총서]미디어 콘텐츠의 수용,안은미,안은미,커뮤니케이션북스,오디오북스
656,[커뮤니케이션이해총서]뉴미디어 방송 편성,김유정,김유정,커뮤니케이션북스,오디오북스
657,[커뮤니케이션이해총서]영화 산업,김미현,김미현,커뮤니케이션북스,오디오북스
658,[커뮤니케이션이해총서]디지털 콘텐츠 저작권,하동철,하동철,커뮤니케이션북스,오디오북스
659,[커뮤니케이션이해총서]공간형 콘텐츠,태지호,태지호,커뮤니케이션북스,오디오북스
660,[커뮤니케이션이해총서]기억 문화 연구,태지호,태지호,커뮤니케이션북스,오디오북스
661,[커뮤니케이션이해총서]국제방송의 역사와 유형,이진로,이진로,커뮤니케이션북스,오디오북스
662,[커뮤니케이션이해총서]코랄 커뮤니케이션,김형일,김형일,커뮤니케이션북스,오디오북스
663,[커뮤니케이션이해총서]영화 편집,김진희,김진희,커뮤니케이션북스,오디오북스
664,[커뮤니케이션이해총서]광고 크리에이티브,조운한,조운한,커뮤니케이션북스,오디오북스
665,[커뮤니케이션이해총서]한국 영화 역사,김미현,김미현,커뮤니케이션북스,오디오북스
666,[커뮤니케이션이해총서]선거 캠페인 커뮤니케이션,김창남,김창남,커뮤니케이션북스,오디오북스
667,[커뮤니케이션이해총서]콘텐츠 마케팅,김종하,김종하,커뮤니케이션북스,오디오북스
668,"[커뮤니케이션이해총서]영화,게임의 등급 분류",황승흠,황승흠,커뮤니케이션북스,오디오북스
669,[커뮤니케이션이해총서]팬덤 문화,홍종윤,홍종윤,커뮤니케이션북스,오디오북스
670,[커뮤니케이션이해총서]미디어 시민권,이병남,이병남,커뮤니케이션북스,오디오북스
671,[커뮤니케이션이해총서]토론,백미숙,백미숙,커뮤니케이션북스,오디오북스
672,[커뮤니케이션이해총서]커뮤니케이션 핵심 이론,정인숙,정인숙,커뮤니케이션북스,오디오북스
673,[커뮤니케이션이해총서]스피치,백미숙,백미숙,커뮤니케이션북스,오디오북스
674,[커뮤니케이션이해총서]미디어사회학,서명준,서명준,커뮤니케이션북스,오디오북스
675,[커뮤니케이션이해총서]글로벌 미디어와 문화경계,최은경,최은경,커뮤니케이션북스,오디오북스
676,[커뮤니케이션이해총서]디지털 게임이란 무엇인가,전경란,전경란,커뮤니케이션북스,오디오북스
677,[커뮤니케이션이해총서]영화적 순간,최인규,최인규,커뮤니케이션북스,오디오북스
678,[커뮤니케이션이해총서]시나리오 쓰기,송낙원,송낙원,커뮤니케이션북스,오디오북스
679,[커뮤니케이션이해총서]아이디어 발상법,김병희,김병희,커뮤니케이션북스,오디오북스
680,[커뮤니케이션이해총서]PR 직업,김찬석 외,"김찬석, 이완수, 정나영",커뮤니케이션북스,오디오북스
681,[커뮤니케이션이해총서]사실적 텔레비전과 방송 편성 문화,최은경,최은경,커뮤니케이션북스,오디오북스
682,[커뮤니케이션이해총서]디지털 사진과 커뮤니케이션,안경민,안경민,커뮤니케이션북스,오디오북스
683,[커뮤니케이션이해총서]플랫폼이란 무엇인가,노규성,노규성,커뮤니케이션북스,오디오북스
684,[커뮤니케이션이해총서]스포츠 프로모션,이재우,이재우,커뮤니케이션북스,오디오북스
685,[커뮤니케이션이해총서]파워 콘텐츠 공식,양성희,양성희,커뮤니케이션북스,오디오북스
686,[커뮤니케이션이해총서]글로벌 PR,이유나,이유나,커뮤니케이션북스,오디오북스
687,[커뮤니케이션이해총서]광고 카피라이팅,김병희,김병희,커뮤니케이션북스,오디오북스
688,[커뮤니케이션이해총서]AE와 광고 프레젠테이션,최원주,최원주,커뮤니케이션북스,오디오북스
689,[커뮤니케이션이해총서]인터넷 표현의 자유,박아란,박아란,커뮤니케이션북스,오디오북스
690,[커뮤니케이션이해총서]다큐멘터리,차민철,차민철,커뮤니케이션북스,오디오북스
691,[커뮤니케이션이해총서]브랜드 커뮤니케이션,최원주,최원주,커뮤니케이션북스,오디오북스
692,[커뮤니케이션이해총서]노인과 미디어,홍명신,홍명신,커뮤니케이션북스,오디오북스
693,[커뮤니케이션이해총서]실감 미디어,정회경,"정회경, 오창희",커뮤니케이션북스,오디오북스
694,[커뮤니케이션이해총서]영화 연출,송낙원,송낙원,커뮤니케이션북스,오디오북스
695,[커뮤니케이션이해총서]추리소설 잘 쓰는 공식,이상우,이상우,커뮤니케이션북스,오디오북스
696,[커뮤니케이션이해총서]라디오 직업,김승월,김승월,커뮤니케이션북스,오디오북스
697,[커뮤니케이션이해총서]광고 심의 체계,조재영,조재영,커뮤니케이션북스,오디오북스
698,[커뮤니케이션이해총서]한국 영화 정책과 산업,김미현,김미현,커뮤니케이션북스,오디오북스
699,[커뮤니케이션이해총서]영화의 이해,민경원,민경원,커뮤니케이션북스,오디오북스
700,[커뮤니케이션이해총서]마케팅 PR 전략과 사례,신호창,신호창,커뮤니케이션북스,오디오북스
701,[커뮤니케이션이해총서]영화 의상,김유선,김유선,커뮤니케이션북스,오디오북스
702,[커뮤니케이션이해총서]정보자본주의,백욱인,백욱인,커뮤니케이션북스,오디오북스
703,[커뮤니케이션이해총서]휴머니타스 테크놀로지,신동희,신동희,커뮤니케이션북스,오디오북스
704,[커뮤니케이션이해총서]사내 커뮤니케이션,신호창,신호창,커뮤니케이션북스,오디오북스
705,[커뮤니케이션이해총서]뮤지컬,원종원,원종원,커뮤니케이션북스,오디오북스
706,[커뮤니케이션이해총서]아나운서,김상준,김상준,커뮤니케이션북스,오디오북스
707,[커뮤니케이션이해총서]빅데이터,정용찬,정용찬,커뮤니케이션북스,오디오북스
708,[커뮤니케이션이해총서]성우,"배한성, 서혜정, 문선희, 김희선, 조예신, 박형욱",배한성 서혜정 박형욱 조예신 문선희 김희선,커뮤니케이션북스,오디오북스
709,[커뮤니케이션이해총서]텔레비전 프로그램 기법,이영돈,이영돈,커뮤니케이션북스,오디오북스
710,[커뮤니케이션이해총서]PR 커뮤니케이션 이론의 진화,김영욱,김영욱,커뮤니케이션북스,오디오북스
711,[커뮤니케이션이해총서]뉴미디어 이론,이재현,이재현,커뮤니케이션북스,오디오북스
712,빨강머리 앤 : 에이번리 이야기,이지혜,루시 모드 몽고메리,커뮤니케이션북스,오디오북스
713,[세계환상문학선] 카프카의 환상문학선,"윤인조,윤대홍,박창순,윤석현,장승연,최영도",프란츠 카프카,커뮤니케이션북스 &　 　　　바다출판사,오디오북스
714,[세계환상문학선] 만리장성을 쌓을 때,박창순,프란츠 카프카,커뮤니케이션북스 &　 　　　바다출판사,오디오북스
715,[세계환상문학선] 학술원에 드리는 보고,최영도,프란츠 카프카,커뮤니케이션북스 &　 　　　바다출판사,오디오북스
716,[세계환상문학선] 독수리,"윤인조,윤대홍",프란츠 카프카,커뮤니케이션북스 &　 　　　바다출판사,오디오북스
717,[세계환상문학선] 단식 광대,"윤인조,박창순,윤석현",프란츠 카프카,커뮤니케이션북스 &　 　　　바다출판사,오디오북스
718,[세계환상문학선] 오스카 와일드의 환상문학선,"김수진,김원정,박창순,신안진,윤대홍,윤인조,장승연,최영도",오스카 와일드,커뮤니케이션북스 &　 　　　바다출판사,오디오북스
719,[세계환상문학선] 캔터빌 유령,"장승연,박창순,신안진,윤대홍,김원정",오스카 와일드,커뮤니케이션북스 &　 　　　바다출판사,오디오북스
720,[세계환상문학선] 아서 새빌 경의 범죄,"윤인조,박창순,최영도,장승연",오스카 와일드,커뮤니케이션북스 &　 　　　바다출판사,오디오북스
721,[세계환상문학걸작선] 행복한 왕자,신안진,오스카 와일드,커뮤니케이션북스 &　 　　　바다출판사,오디오북스
722,빨강머리 앤 : 초록지붕 집 이야기,이지혜,"루시 모드 몽고메리, 엄진현(옮긴이)",커뮤니케이션북스,오디오북스
723,"100인의 배우, 우리 문학을 읽다",100인의 배우,,커뮤니케이션북스,오디오북스
724,길해연이 읽는 양귀자의 원미동 시인,길해연,양귀자,커뮤니케이션북스,오디오북스
725,정재진이 읽는 최일남의 흐르는 북,정재진,최일남,커뮤니케이션북스,오디오북스
726,성병숙이 읽는 이창동의 소지,성병숙,이창동,커뮤니케이션북스,오디오북스
727,윤상화가 읽는 윤정모의 밤길,윤상화,윤정모,커뮤니케이션북스,오디오북스
728,박호산이 읽는 김영현의 깊은 강은 멀리 흐른다,박호산,김영현,커뮤니케이션북스,오디오북스
729,이호성이 읽는 윤후명의 누란의 사랑,이호성,윤후명,커뮤니케이션북스,오디오북스
730,윤정섭이 읽는 최수철의 공중누각,윤정섭,최수철,커뮤니케이션북스,오디오북스
731,신현종·전국향이 읽는 임철우의 사평역,신현종·전국향,임철우,커뮤니케이션북스,오디오북스
732,김지숙이 읽는 서영은의 먼 그대,김지숙,서영은,커뮤니케이션북스,오디오북스
733,장영남이 읽는 김성동의 오막살이 집 한 채,장영남,김성동,커뮤니케이션북스,오디오북스
734,박상종이 읽는 현길언의 우리들의 조부님,박상종,현길언,커뮤니케이션북스,오디오북스
735,신안진이 읽는 이문열의 필론과 돼지,신안진,이문열,커뮤니케이션북스,오디오북스
736,김호영이 읽는 전상국의 우상의 눈물,김호영,전상국,커뮤니케이션북스,오디오북스
737,우현주가 읽는 김채원의 초록빛 모자,우현주,김채원,커뮤니케이션북스,오디오북스
738,전현아가 읽는 오정희의 중국인 거리,전현아,오정희,커뮤니케이션북스,오디오북스
739,전무송이 읽는 문순태의 징 소리,전무송,문순태,커뮤니케이션북스,오디오북스
740,문소리가 읽는 송기숙의 몽기미 풍경,문소리,송기숙,커뮤니케이션북스,오디오북스
741,최주봉이 읽는 이문구의 우리 동네 김씨,최주봉,이문구,커뮤니케이션북스,오디오북스
742,양손프로젝트가 읽는 조세희의 난장이가 쏘아올린 작은 공,양손프로젝트,조세희,커뮤니케이션북스,오디오북스
743,지춘성이 읽는 김주영의 도둑 견습,지춘성,김주영,커뮤니케이션북스,오디오북스
744,조재윤이 읽는 박범신의 토끼와 잠수함,조재윤,박범신,커뮤니케이션북스,오디오북스
745,김성녀가 읽는 황석영의 삼포 가는 길,김성녀,황석영,커뮤니케이션북스,오디오북스
746,손봉숙이 읽는 조선작의 영자의 전성시대,손봉숙,조선작,커뮤니케이션북스,오디오북스
747,장용철이 읽는 김원일의 어둠의 혼,장용철,김원일,커뮤니케이션북스,오디오북스
748,남기애가 읽는 박완서의 세상에서 제일 무거운 틀니,남기애,박완서,커뮤니케이션북스,오디오북스
749,김뢰하가 읽는 한수산의 사월의 끝,김뢰하,한수산,커뮤니케이션북스,오디오북스
750,양준모가 읽는 조해일의 뿔,양준모,조해일,커뮤니케이션북스,오디오북스
751,김의성이 읽는 최인호의 타인의 방,김의성,최인호,커뮤니케이션북스,오디오북스
752,고수희가 읽는 윤흥길의 황혼의 집,고수희,윤흥길,커뮤니케이션북스,오디오북스
753,이지하가 읽는 이제하의 유자약전,이지하,이제하,커뮤니케이션북스,오디오북스
754,황영희가 읽는 한승원의 목선,황영희,한승원,커뮤니케이션북스,오디오북스
755,이종혁이 읽는 박태순의 무너진 극장,이종혁,박태순,커뮤니케이션북스,오디오북스
756,박기륭이 읽는 서정인의 강,박기륭,서정인,커뮤니케이션북스,오디오북스
757,김진태가 읽는 천승세의 포대령,김진태,천승세,커뮤니케이션북스,오디오북스
758,최정원이 읽는 이동하의 인동,최정원,이동하,커뮤니케이션북스,오디오북스
759,박윤희가 읽는 이청준의 병신과 머저리,박윤희,이청준,커뮤니케이션북스,오디오북스
760,하성광이 읽는 남정현의 분지,하성광,남정현,커뮤니케이션북스,오디오북스
761,박상원이 읽는 김승옥의 무진기행,박상원,김승옥,커뮤니케이션북스,오디오북스
762,박용수가 읽는 전광용의 꺼삐딴 리,박용수,전광용,커뮤니케이션북스,오디오북스
763,이건명이 읽는 이호철의 판문점,이건명,이호철,커뮤니케이션북스,오디오북스
764,서태화가 읽는 최인훈의 그레이구락부 전말기,서태화,최인훈,커뮤니케이션북스,오디오북스
765,최민식이 읽는 이범선의 오발탄,최민식,이범선,커뮤니케이션북스,오디오북스
766,서이숙이 읽는 박경리의 암흑시대,서이숙,박경리,커뮤니케이션북스,오디오북스
767,배해선이 읽는 송병수의 쑈리 킴,배해선,송병수,커뮤니케이션북스,오디오북스
768,기주봉이 읽는 하근찬의 수난이대,기주봉,하근찬,커뮤니케이션북스,오디오북스
769,전국환이 읽는 정한숙의 전황당인보기,전국환,정한숙,커뮤니케이션북스,오디오북스
770,조성하가 읽는 장용학의 요한 시집,조성하,장용학,커뮤니케이션북스,오디오북스
771,김지성이 읽는 오영수의 갯마을,김지성,오영수,커뮤니케이션북스,오디오북스
772,예수정이 읽는 손창섭의 비 오는 날,예수정,손창섭,커뮤니케이션북스,오디오북스
773,유인촌이 읽는 안수길의 제3인간형,유인촌,안수길,커뮤니케이션북스,오디오북스
774,윤주상이 읽는 황순원의 목넘이 마을의 개,윤주상,황순원,커뮤니케이션북스,오디오북스
775,이대연이 읽는 안회남의 불,이대연,안회남,커뮤니케이션북스,오디오북스
776,박희순이 읽는 지하련의 도정,박희순,지하련,커뮤니케이션북스,오디오북스
777,정은표가 읽는 이근영의 고향사람들,정은표,이근영,커뮤니케이션북스,오디오북스
778,양미경이 읽는 박종화의 아랑의 정조,양미경,박종화,커뮤니케이션북스,오디오북스
779,김호정이 읽는 김남천의 경영,김호정,김남천,커뮤니케이션북스,오디오북스
780,정상철이 읽는 이무영의 제일과 제일장,정상철,이무영,커뮤니케이션북스,오디오북스
781,박지일이 읽는 최명익의 심문,박지일,최명익,커뮤니케이션북스,오디오북스
782,박건형이 읽는 김사량의 빛 속에,박건형,김사량,커뮤니케이션북스,오디오북스
783,지현준이 읽는 이광수의 무명,지현준,이광수,커뮤니케이션북스,오디오북스
784,박옥출이 읽는 한설야의 이녕,박옥출,한설야,커뮤니케이션북스,오디오북스
785,박웅이 읽는 유진오의 창랑정기,박웅,유진오,커뮤니케이션북스,오디오북스
786,허윤정이 읽는 현덕의 남생이,허윤정,현덕,커뮤니케이션북스,오디오북스
787,정수영이 읽는 최정희의 흉가,정수영,최정희,커뮤니케이션북스,오디오북스
788,예지원이 읽는 정비석의 성황당,예지원,정비석,커뮤니케이션북스,오디오북스
789,안재욱이 읽는 유항림의 마권,안재욱,유항림,커뮤니케이션북스,오디오북스
790,이호재가 읽는 이북명의 답싸리,이호재,이북명,커뮤니케이션북스,오디오북스
791,김은석이 읽는 허준의 탁류,김은석,허준,커뮤니케이션북스,오디오북스
792,오지혜가 읽는 강경애의 지하촌,오지혜,강경애,커뮤니케이션북스,오디오북스
793,손병호가 읽는 김정한의 사하촌,손병호,김정한,커뮤니케이션북스,오디오북스
794,백지원이 읽는 김동리의 무녀도,백지원,김동리,커뮤니케이션북스,오디오북스
795,김명곤이 읽는 이효석의 모밀꽃 필 무렵,김명곤,이효석,커뮤니케이션북스,오디오북스
796,송승환이 읽는 이상의 날개,송승환,이상,커뮤니케이션북스,오디오북스
797,맹봉학이 읽는 박화성의 고향 없는 사람들,맹봉학,박화성,커뮤니케이션북스,오디오북스
798,이희준이 읽는 김유정의 동백꽃,이희준,김유정,커뮤니케이션북스,오디오북스
799,김영민이 읽는 현경준의 탁류,김영민,현경준,커뮤니케이션북스,오디오북스
800,이지혜가 읽는 주요섭의 사랑손님과 어머니,이지혜,주요섭,커뮤니케이션북스,오디오북스
801,강부자가 읽는 계용묵의 백치 아다다,강부자,계용묵,커뮤니케이션북스,오디오북스
802,남명렬이 읽는 최인준의 암류,남명렬,최인준,커뮤니케이션북스,오디오북스
803,문성근이 읽는 박태원의 소설가 구보 씨의 일일,문성근,박태원,커뮤니케이션북스,오디오북스
804,안석환이 읽는 채만식의 레디메이드 인생,안석환,채만식,커뮤니케이션북스,오디오북스
805,원근희가 읽는 이기영의 서화,원근희,이기영,커뮤니케이션북스,오디오북스
806,김명기가 읽는 이태준의 달밤,김명기,이태준,커뮤니케이션북스,오디오북스
807,손숙이 읽는 백신애의 꺼래이,손숙,백신애,커뮤니케이션북스,오디오북스
808,김명국이 읽는 엄흥섭의 흘러간 마을,김명국,엄흥섭,커뮤니케이션북스,오디오북스
809,송일국이 읽는 송영의 석공조합대표,송일국,송영,커뮤니케이션북스,오디오북스
810,이주원이 읽는 조명희의 낙동강,이주원,조명희,커뮤니케이션북스,오디오북스
811,박정자가 읽는 김명순의 나는 사랑한다,박정자,김명순,커뮤니케이션북스,오디오북스
812,강신일이 읽는 최서해의 탈출기,강신일,최서해,커뮤니케이션북스,오디오북스
813,엄효섭이 읽는 이익상의 흙의 세례,엄효섭,이익상,커뮤니케이션북스,오디오북스
814,심양홍이 읽는 전영택의 화수분,심양홍,전영택,커뮤니케이션북스,오디오북스
815,정진영이 읽는 김기진의 젊은 이상주의자의 사,정진영,김기진,커뮤니케이션북스,오디오북스
816,권해효가 읽는 방인근의 자동차 운전수,권해효,방인근,커뮤니케이션북스,오디오북스
817,명계남이 읽는 박영희의 사냥개,명계남,박영희,커뮤니케이션북스,오디오북스
818,성지루가 읽는 나도향의 벙어리 삼룡이,성지루,나도향,커뮤니케이션북스,오디오북스
819,양희경이 읽는 염상섭의 전화,양희경,염상섭,커뮤니케이션북스,오디오북스
820,정보석이 읽는 임노월의 악마의 사랑,정보석,임노월,커뮤니케이션북스,오디오북스
821,이원승이 읽는 현진건의 운수 좋은 날,이원승,현진건,커뮤니케이션북스,오디오북스
822,정동환이 읽는 김동인의 배따라기,정동환,김동인,커뮤니케이션북스,오디오북스
823,윤석화가 읽는 나혜석의 경희,윤석화,나혜석,커뮤니케이션북스,오디오북스
824,스몰빅,인공지능성우 타입캐스트,제프 헤이든,리더스북,자기계발
825,정조의 말,장병관,정창권,이다북스,자기계발
826,나는 왠지 대박날 것만 같아!,손정현,손정현,이은북,자기계발
827,첫마디를 행운에 맡기지 마라,,최정화,리더스북,자기계발
828,데일 카네기 인간관계론,민승우,데일 카네기,현대지성,자기계발
829,당신은 더 좋은 회사를 다닐 자격이 있다,인공지능으로 감성을 말하는 AI음성합성 엔진 타입캐스트,김나이,(주)대교,자기계발
830,돌봄의 기술,장한빛,김유비,규장,자기계발
831,대한민국 페미니스트의 고백,"김단,김서영 외 25명",김서영 외 25명,이프북스,자기계발
832,딜리트,,김유열,쌤앤파커스,자기계발
833,최고의 팀은 무엇이 다른가,이동현,대니얼 코일,웅진지식하우스,자기계발
834,일 잘하는 사람은 단순하게 합니다,"전해리,이승준",박소연,더퀘스트,자기계발
835,초등 감정 사용법,,한혜원,생각정원,자기계발
836,SC제일은행 착한도서관프로젝트[시즌8],,SC제일은행,SC제일은행,자기계발
837,신경 끄기의 기술 (완독),이민규,"마크 맨슨 지음,한재호 옮김",갤리온,자기계발
838,신경 끄기의 기술 (요약),진양욱,"마크 맨슨 지음,한재호 옮김",갤리온,자기계발
839,한마디면 충분하다,,장문정,쌤앤파커스,자기계발
840,1등은 당신처럼 공부하지 않았다,,김도윤,쌤앤파커스,자기계발
841,소리없이 승리하는 법,임승민,주희진,와미디어,자기계발
842,질문지능,,아이작 유,팟빵북스,자기계발
843,증발 : 모바일 경제를 관통하는 핵심 원리,윤동기,로버트 터섹,커뮤니케이션북스,자기계발
844,서비스직으로 먹고살기,정상은,이보옥,왓북,자기계발
845,영상번역가로 변신한 정역씨,김명철,최시영,왓북,자기계발
846,통역사로 먹고살기,정상은,박지영,왓북,자기계발
847,여행작가로 먹고살기,김명철,임효정,왓북,자기계발
848,편의점으로 먹고살기,김명철,한상우,왓북,자기계발
849,영상번역가로 먹고살기,정상은,최시영,왓북,자기계발
850,인생가게로 먹고살기,김명철,김도현,왓북,자기계발
851,출판번역가로 먹고살기,정상은,김명철,왓북,자기계발
852,해외영업으로 먹고살기,김명철,노정엽,왓북,자기계발
853,속기사로 먹고살기,정상은,손효진,왓북,자기계발
854,취업 99℃,이석훈,열린진로취업커뮤니티,푸른영토,자기계발
855,자투리 시간 독서법,박민기,허동욱,위닝북스,자기계발
856,리더 반성문,김경일,정영학,더난출판사,경제경영
857,명동 부자들,"나성지,정승운",고미숙,더난출판사,경제경영
858,나의 월급 독립 프로젝트,,유목민,리더스북,경제경영
859,김광석의 더블 딥 시나리오: 긴급 수정경제 전망,김광석,김광석,지식노마드,경제경영
860,경제 읽어주는 남자 김광석의 2020년 경제전망,김광석,김광석,(주)팟빵,경제경영
861,경제 읽어주는 남자 김광석의 [디지털 경제의 미래],,김광석,(주)팟빵,경제경영
862,아마존 vs. 구글 미래 전쟁,"이가희,강정우",강정우,시크릿하우스,경제경영
863,넛지 (완독),조영철,"리차드 탈러,캐스 선스타인,안진환 옮김",리더스북,경제경영
864,사람의 힘 (요약),장병관,윤석금,리더스북,경제경영
865,시골 카페에서 경영을 찾다,"은정,김용식,장병관",다카이 나오유키,(주)도서출판 길벗,경제경영
866,모두 거짓말을 한다,장병관,세스 스티븐스 다비도위츠,더퀘스트,경제경영
867,퇴사준비생의 런던,하나리,이동진 외,트레블코드,경제경영
868,4차 산업혁명 시대에 살아남기,유경선,김지연,페이퍼로드,경제경영
869,문재인노믹스,박민기,매일경제경제부,매일경제신문사,경제경영
870,당신의 직업이 사라진다,최대한,"데이비드서,이선",세종서적(주),경제경영
871,사랑받는 아빠는 소통법이 다르다,이도형,신우석,서사원 주식회사,인문교양
872,엄마의 글쓰기,임창호,권귀헌,서사원 주식회사,인문교양
873,자유론,이승준,존 스튜어트 밀,현대지성,인문교양
874,아리스토텔레스 수사학,김도담,아리스토텔레스,현대지성,인문교양
875,공리주의,김용석,존 스튜어트 밀,현대지성,인문교양
876,잠자리 대화의 기적,이예은,김동화,서사원 주식회사,인문교양
877,순례자들의 합창,이승원,전효숙,소통,인문교양
878,기분이 태도가 되지 않게,조성희,레몬심리,갤리온,인문교양
879,말씀대로 말하라,주보라,손기철,규장,인문교양
880,유진 피터슨의 첫 번째 어린이 성경(신약),장희은,유진 피터슨 (Eugene H. Peterson),넥서스CROSS,인문교양
881,유진 피터슨의 첫 번째 어린이 성경(구약),장희은,유진 피터슨 (Eugene H. Peterson),넥서스CROSS,인문교양
882,이렇게 맛있는 철학이라니,향기,오수민,넥서스BOOKS,인문교양
883,묵묵,유석,고병권,(주)돌베개,인문교양
884,고추장 작은 단지를 보내니,문관일,"박지원 저,박희병 역",(주)돌베개,인문교양
885,모든 죽음에는 이유가 있다,이민규,강신몽,이다북스,인문교양
886,미치도록 잡고 싶다,장희문,정락인,이다북스,인문교양
887,톨스토이 고백록,이인석,레프 톨스토이,현대지성,인문교양
888,가치를 만드는 사람들,이승혁,진희선,인사이트브리즈,인문교양
889,다시는 그전으로 돌아가지 않을 것이다,최연우,권김현영,(주)휴머니스트출판그룹,인문교양
890,상처받지 않고 끝까지 사랑하기,신송이,유은정,규장,인문교양
891,그 집 아들 독서법,이현지,이지연,블루무스,인문교양
892,명상록,신찬혁,마르쿠스 아우렐리우스,현대지성,인문교양
893,증언,신송이,김길,규장,인문교양
894,바보 엄마,신송이,권미나,규장,인문교양
895,하나님의 선물,신송이,햇살콩(김나단x김연선),규장,인문교양
896,지키는 기도,장한빛,송준기,규장,인문교양
897,나는 같이 살기로 했다,신송이,한근영,규장,인문교양
898,"스토리텔링 성경 - 열왕기 상,하",정재빈,"김영진,강정훈,천종수",(주)성서원,인문교양
899,스토리텔링 성경 - 신명기,,"김영진,강정훈,천종수",(주)성서원,인문교양
900,"스토리텔링 성경 - 사무엘 상,하",정재빈,"김영진,강정훈,천종수",(주)성서원,인문교양
901,스토리텔링 성경 - 민수기,,"김영진,강정훈,천종수",(주)성서원,인문교양
902,부활,장한빛,"이용규,김상철",규장,인문교양
903,네가 나의 영광을 짓밟았다!,신송이,최요나,규장,인문교양
904,한 시간 기도,장희은,유기성,규장,인문교양
905,세계는 왜 싸우는가,김영미,김영미,(주)김영사,인문교양
906,군주론,인공지능성우 타입캐스트,니콜로 마키아벨리,펭귄클래식,인문교양
907,영리한 아이가 위험하다,,에일린 케네디 무어,웅진지식하우스,인문교양
908,고전의 전략 - 손자병법 편,김원중,김원중,(주)휴머니스트출판그룹,인문교양
909,고전의 전략 - 정관정요 편,김원중,김원중,(주)휴머니스트출판그룹,인문교양
910,고전의 전략 - 한비자 편,김원중,김원중,(주)휴머니스트출판그룹,인문교양
911,고전의 전략 - 사기 편,김원중,김원중,(주)휴머니스트출판그룹,인문교양
912,[합본] 고전의 전략,김원중,김원중,(주)휴머니스트출판그룹,인문교양
913,[낭독형] 니체의 인생 강의,이진우,이진우,(주)휴머니스트출판그룹,인문교양
914,열하일기 첫걸음,,박수밀,(주)돌베개,인문교양
915,아이 마음에 상처 주지 않는 습관,박상경,이다랑,(주)도서출판 길벗,인문교양
916,이탈리아 아트 트립,신범식,김현성,더퀘스트,인문교양
917,스토리텔링 성경 - 레위기,,"김영진,강정훈,천종수",(주)성서원,인문교양
918,스토리텔링 성경 - 출애굽기,,"김영진,강정훈,천종수",(주)성서원,인문교양
919,일본산고,최석환,박경리,와미디어,인문교양
920,병든바다 병든지구,김은정,김지하,범우사,인문교양
921,법구경 입문,김은정,박혜경,범우사,인문교양
922,만해 한용운,김은정,임중빈,범우사,인문교양
923,디즈레일리의 생애,안혜령,앙드레모루아,범우사,인문교양
924,단재 신채호 일대기,최석환,임중빈,범우사,인문교양
925,니체의 고독한 방황,최진경,니체,범우사,인문교양
926,흔들어 보기도 하고 거꾸로 쏟아 보기도 하고,신송이,박영선,무근검,인문교양
927,완주자,신송이,다니엘김,규장,인문교양
928,더 이상 내려갈 곳이 없었다,장한빛,홍민기,규장,인문교양
929,나를 변화시킨 일곱가지 질문,장한빛,손석제,규장,인문교양
930,환장할 우리 가족: 정상 가족 판타지를 벗어나 '나'와 '너'의 가족을 위하여,김인영,홍주현,(주)문예출판사,인문교양
931,소크라테스의 변명: 변명•크리톤•파이돈•향연,이찬우,플라톤,(주)문예출판사,인문교양
932,세상에서 믿는 자로 산다는 것,신송이,이찬수,규장,인문교양
933,하나님의 때,장희은,햇살콩 (김나단×김연선),규장,인문교양
934,아파도 미안하지 않습니다,김사라,조한진희(반다),동녘,인문교양
935,[강연형] 니체의 인생 강의,"이진우,김학원,박태근",이진우,(주)휴머니스트출판그룹,인문교양
936,보이지 않는 이야기: 보이는 사람들이 알아두어야 하는 시각장애인 이야기,이승준,조현대,오트르랩,인문교양
937,스토리텔링 성경 - 창세기,,"김영진,강정훈,천종수",(주)성서원,인문교양
938,한눈에 보는 구약 역사,신송이,"강선,서정걸,안성희,윤철규",남포교회출판부,인문교양
939,왕의 재정 1,신송이,김미진,규장,인문교양
940,영화가 나에게 하는 질문들,류현정,원은정,착한책가게,인문교양
941,어른이 되면 괜찮을 줄 알았다,박종석,"박종석,김혜남",쌤앤파커스,인문교양
942,너를 만나 행복해,신송이,임선경,규장,인문교양
943,어쨌거나 잘살고 싶다면 신디의 결혼 수업,"선은혜,이승준",신디,더퀘스트,인문교양
944,하나님 아이로 키워라,신송이,박현숙,규장,인문교양
945,나를 돌보는 시간,신송이,김유비,규장,인문교양
946,어린이 성경 : 알기 쉬운 성경이야기,유진홍,"HENRY A. SHERMAN,CHARLES FOSTER KENT,역자 김형민",왓북,인문교양
947,"오늘, 믿음으로 산다는 것",장한빛,이요셉,규장,인문교양
948,복음으로 산다,신송이,이찬수,규장,인문교양
949,바다로 퇴근하겠습니다,서혜정,미아,생각정원,인문교양
950,왕의 재정 2,신송이,김미진,규장,인문교양
951,하나님의 경영,장한빛,한 홍,규장,인문교양
952,내려놓음 - 내 인생의 가장 행복한 결심,장한빛,이용규,규장,인문교양
953,문장의 온도,진양욱,이덕무,(주)다산북스,인문교양
954,"조선 최고의 문장, 이덕무를 읽다","한정주,김도연",한정주,(주)다산북스,인문교양
955,천자문 인문학,한정주,한정주,(주)다산북스,인문교양
956,서양인의 손자병법,"최시영,김명철","라이오널 자일스,최시영 번역",왓북,인문교양
957,초예측 (완독),"안재영,권태호,원옥화",유발 하라리 외 7인,웅진지식하우스,인문교양
958,청춘의 독서,,유시민,와미디어,인문교양
959,골든아워2,"안재영,조영철,진양욱,권태호,김유림,양여경",이국종,흐름출판사,인문교양
960,골든아워1,"안재영,조영철,진양욱,권태호,김유림,양여경",이국종,흐름출판사,인문교양
961,서른 살이 심리학에게 묻다,안보영,김혜남,갤리온,인문교양
962,메이드 인 블루,안혜경,송추향,와미디어,인문교양
963,나는 왜 기독교인이 아닌가,김은정,버트란드 러셀,범우사,인문교양
964,편안하게 호흡을 합니다,,호랑냥이,팟빵북스,인문교양
965,친애하는 내당신에게,,헤븐,팟빵북스,인문교양
966,직장에서 행복하게 살아남기,,이직스쿨 김영학,팟빵북스,인문교양
967,일하는 엄마의 자존감 공부,김은영,김은영,팟빵북스,인문교양
968,응급실 이야기,최석재,최석재,팟빵북스,인문교양
969,응급실 사용설명서,최석재,최석재,팟빵북스,인문교양
970,"옷, 문학을 품다",김현호,김현호,팟빵북스,인문교양
971,박사논문 엎고 스타일링,최유리,최유리,팟빵북스,인문교양
972,생각 그루터기에 앉아,Kyle Lee,Kyle Lee,팟빵북스,인문교양
973,사랑과 연애와 결혼에 대하여,cyrene,cyrene,팟빵북스,인문교양
974,내게는 아직 어려운 사람 사이,정지은(Jean),정지은(Jean),팟빵북스,인문교양
975,당신이 몰랐던 범죄학자 이야기,범인,범인,팟빵북스,인문교양
976,사기를 읽다,김영수,김영수,유유,인문교양
977,운명이다,"배우 문성근,작가 유시민","노무현,사람사는세상 노무현재단",(주)돌베개,인문교양
978,달려라 논리3,,탁석산,창비,인문교양
979,달려라 논리2,,탁석산,창비,인문교양
980,달려라 논리1,,탁석산,창비,인문교양
981,윤동주 : 순결한 영혼,이석훈,류양선,북페리타,인문교양
982,너를 사랑했던 시간,권성혁,이근대,쌤앤파커스,인문교양
983,언어의 온도,박모건,이기주,말글터,인문교양
984,아토피 정말 낫습니까,유경선,김정진,씽크스마트,인문교양
985,어쩌다 한국인,이찬우,허태균,중앙북스,인문교양
986,하루 3분 세계사,이경준,김동섭,(주)시공사,역사
987,대항해시대의 탄생,김인,송동훈,(주)시공사,역사
988,쉽게 읽는 백범일지,강수진,"김구(저),도진순(엮음)",(주)돌베개,역사
989,소비의 역사,설혜심,설혜심,(주)휴머니스트출판그룹,역사
990,[강연형] 제국대학의 조센징,정종현,정종현,(주)휴머니스트출판그룹,역사
991,제국에서 민국으로 가는 길,박광일,박광일,생각정원,역사
992,전쟁과 평화(요약본),김은정,톨스토이,북코스모스,역사
993,단박에 한국사 : 근대편,백재승,심용환,위즈덤하우스,역사
994,"군함도, 끝나지 않은 전쟁",유경선,"김민철,김승은외",생각정원,역사
995,특종 1987,"정훈석,이재범",신성호,중앙북스,역사
996,[단편] 강아지,,이가을,창비,어린이동화
997,학교에 간 개돌이,,김옥,창비,어린이동화
998,어떤 아이가,송미경 외,송미경,시공주니어,어린이동화
999,꿀벌 마야의 모험,백선주,발데마르 본젤스,시공주니어,어린이동화
1000,홍당무,"심규영,장세윤",쥘 르나르,시공주니어,어린이동화
1001,꼬마 백만장자 삐삐,김영은,아스트리드 린드그렌,시공주니어,어린이동화
1002,[세트] 까불이 할머니 김영옥의 이야기보따리 : 명작동화 50선,김영옥,(주)셉텐트리오,(주)셉텐트리오,어린이동화
1003,[세트] 까불이 할머니 김영옥의 이야기보따리 : 전래동화 50선,김영옥,(주)셉텐트리오,(주)셉텐트리오,어린이동화
1004,[전권세트] 까불이 할머니 김영옥의 이야기보따리: 전 100편,김영옥,(주)셉텐트리오,(주)셉텐트리오,어린이동화
1005,이모의 꿈꾸는 집,박진영,정옥,(주)문학과지성사,어린이동화
1006,"조선 소년 무걸, 무기를 만들다","김보나,이인석,채안석,허성재",이규희,도서출판 그린북,어린이동화
1007,심심 할매의 명심보감 레시피,"김경희,민승우,이미나","고향숙,이도현",도서출판 그린북,어린이동화
1008,슬픈 노벨상,남도형,정화진,파란자전거,어린이동화
1009,어느 날 우리 반에 공룡이 전학 왔다,이지현,서지원,길벗스쿨,어린이동화
1010,초등학생을 위한 인물 한국사 5,선호제,윤희진,길벗스쿨,어린이동화
1011,초등학생을 위한 인물 한국사 4,유경선,윤희진,길벗스쿨,어린이동화
1012,초등학생을 위한 인물 한국사 3,유경선,윤희진,길벗스쿨,어린이동화
1013,초등학생을 위한 인물 한국사 2,박민기,윤희진,길벗스쿨,어린이동화
1014,초등학생을 위한 인물 한국사 1,정훈석,윤희진,길벗스쿨,어린이동화
1015,내 꿈은 누가 정해요?,김소형,김효,풀빛미디어,어린이동화
1016,공룡 이야기 마을_작지만 큰 열정 콤프소그나투스(영어),,김성진 외,애플비북스,어린이동화
1017,공룡 이야기 마을_욕심 많은 딜로포사우루스(영어),,김성진 외,애플비북스,어린이동화
1018,공룡 이야기 마을_잘난 척만 하는 에오랍토르(영어),,김성진 외,애플비북스,어린이동화
1019,공룡 이야기 마을_장애를 이겨 낸 갈리미무스(영어),,김성진 외,애플비북스,어린이동화
1020,공룡 이야기 마을_마이아사우라 선생님(영어),,김성진 외,애플비북스,어린이동화
1021,공룡 이야기 마을_키다리 울트라사우루스(영어),,김성진 외,애플비북스,어린이동화
1022,공룡 이야기 마을_스피노사우루스의 방문(영어),,김성진 외,애플비북스,어린이동화
1023,공룡 이야기 마을_하늘을 나는 람포린쿠스(영어),,김성진 외,애플비북스,어린이동화
1024,공룡 이야기 마을_고집 센 벨로키랍토르(영어),,김성진 외,애플비북스,어린이동화
1025,공룡 이야기 마을_오비랍토르 아기가 태어났어요!(영어),,김성진 외,애플비북스,어린이동화
1026,공룡 이야기 마을_디메트로돈의 요술 부채(영어),,김성진 외,애플비북스,어린이동화
1027,공룡 이야기 마을_지혜로운 꼬마 스테고사우루스(영어),,김성진 외,애플비북스,어린이동화
1028,공룡 이야기 마을_오해 받은 트리케라톱스(영어),,김성진 외,애플비북스,어린이동화
1029,공룡 이야기 마을_공룡 마을 최고 가수 파라사우롤로푸스(영어),,김성진 외,애플비북스,어린이동화
1030,공룡 이야기 마을_프테라노돈 우체부(영어),,김성진 외,애플비북스,어린이동화
1031,공룡 이야기 마을_파키케팔로의 박치기(영어),,김성진 외,애플비북스,어린이동화
1032,공룡 이야기 마을_안킬로사우루스의 쇠망치(영어),,김성진 외,애플비북스,어린이동화
1033,공룡 이야기 마을_인내심 많은 티라노사우루스(영어),,김성진 외,애플비북스,어린이동화
1034,공룡 이야기 마을_도와줘요 브라키오사우루스(영어),,김성진 외,애플비북스,어린이동화
1035,공룡 이야기 마을_작지만 큰 열정 콤프소그나투스(한국어),,김성진 외,애플비북스,어린이동화
1036,공룡 이야기 마을_욕심 많은 딜로포사우루스(한국어),,김성진 외,애플비북스,어린이동화
1037,공룡 이야기 마을_잘난 척만 하는 에오랍토르(한국어),,김성진 외,애플비북스,어린이동화
1038,공룡 이야기 마을_장애를 이겨 낸 갈리미무스(한국어),,김성진 외,애플비북스,어린이동화
1039,공룡 이야기 마을_마이아사우라 선생님(한국어),,김성진 외,애플비북스,어린이동화
1040,공룡 이야기 마을_키다리 울트라사우루스(한국어),,김성진 외,애플비북스,어린이동화
1041,공룡 이야기 마을_스피노사우루스의 방문(한국어),,김성진 외,애플비북스,어린이동화
1042,공룡 이야기 마을_하늘을 나는 람포린쿠스(한국어),,김성진 외,애플비북스,어린이동화
1043,공룡 이야기 마을_고집 센 벨로키랍토르(한국어),,김성진 외,애플비북스,어린이동화
1044,공룡 이야기 마을_오비랍토르 아기가 태어났어요!(한국어),,김성진 외,애플비북스,어린이동화
1045,공룡 이야기 마을_디메트로돈의 요술 부채(한국어),,김성진 외,애플비북스,어린이동화
1046,공룡 이야기 마을_지혜로운 꼬마 스테고사우루스(한국어),,김성진 외,애플비북스,어린이동화
1047,공룡 이야기 마을_오해 받은 트리케라톱스(한국어),,김성진 외,애플비북스,어린이동화
1048,공룡 이야기 마을_공룡 마을 최고 가수 파라사우롤로푸스(한국어),,김성진 외,애플비북스,어린이동화
1049,공룡 이야기 마을_프테라노돈 우체부(한국어),,김성진 외,애플비북스,어린이동화
1050,공룡 이야기 마을_파키케팔로의 박치기(한국어),,김성진 외,애플비북스,어린이동화
1051,공룡 이야기 마을_안킬로사우루스의 쇠망치(한국어),,김성진 외,애플비북스,어린이동화
1052,공룡 이야기 마을_인내심 많은 티라노사우루스(한국어),,김성진 외,애플비북스,어린이동화
1053,공룡 이야기 마을 _도와줘요 브라키오사우루스(한국어),,김성진 외,애플비북스,어린이동화
1054,아이튼튼 그림책-몸튼튼,,애플비북스 편집부,애플비북스,어린이동화
1055,아이튼튼 그림책-마음튼튼,,애플비북스 편집부,애플비북스,어린이동화
1056,아이튼튼 그림책-언어튼튼,,애플비북스 편집부,애플비북스,어린이동화
1057,아이튼튼 그림책-생활튼튼,,애플비북스 편집부,애플비북스,어린이동화
1058,정글북,,애플비북스 편집부,애플비북스,어린이동화
1059,해님달님,,애플비북스 편집부,애플비북스,어린이동화
1060,미운아기오리,,애플비북스 편집부,애플비북스,어린이동화
1061,아기돼지 삼형제,,애플비북스 편집부,애플비북스,어린이동화
1062,호랑이와 곶감,,애플비북스 편집부,애플비북스,어린이동화
1063,백설공주,,애플비북스 편집부,애플비북스,어린이동화
1064,이솝우화,,애플비북스 편집부,애플비북스,어린이동화
1065,장난꾸러기 끼끼,,애플비북스 편집부,애플비북스,어린이동화
1066,귀염둥이 토실이,,애플비북스 편집부,애플비북스,어린이동화
1067,노래하는 앨리,,애플비북스 편집부,애플비북스,어린이동화
1068,ㄱㄴㄷ한글동화,,애플비북스 편집부,애플비북스,어린이동화
1069,"1,2,3 숫자동화",,애플비북스 편집부,애플비북스,어린이동화
1070,생각이 탁 트이는 5분 전래 동화,,애플비북스 편집부,애플비북스,어린이동화
1071,생각이 탁 트이는 5분 명작 동화,,애플비북스 편집부,애플비북스,어린이동화
1072,말문이 탁 트이는 의태어 동시,,애플비북스 편집부,애플비북스,어린이동화
1073,말문이 탁 트이는 의성어 동시,,애플비북스 편집부,애플비북스,어린이동화
1074,전래동화 (CD Book),,나는북,애플비북스,어린이동화
1075,명작동화 (CD Book),,이은주,애플비북스,어린이동화
1076,길고양이 푸라,,탄 손 멩,걸음동무,어린이동화
1077,두 병사,,미셀 피크말,걸음동무,어린이동화
1078,고양이 행성을 지켜라,,류설화,걸음동무,어린이동화
1079,아마존 숲의 편지,,잉그리드 비스마이어 벨링하젠,걸음동무,어린이동화
1080,크기 비교와 측정,,리잔 플랫,걸음동무,어린이동화
1081,수와 계산,,리잔 플랫,걸음동무,어린이동화
1082,도형과 공간 감각,,리잔 플랫,걸음동무,어린이동화
1083,분류와 비율,,리잔 플랫,걸음동무,어린이동화
1084,삼거리 버스 정류장,,여주비,걸음동무,어린이동화
1085,의자 선인장,,박찬주,걸음동무,어린이동화
1086,누가 숲을 지켰을까?,,윤혜숙,걸음동무,어린이동화
1087,도와줄게,,김예원,걸음동무,어린이동화
1088,집안에서 생긴 일,,오진목,걸음동무,어린이동화
1089,동생아 책 볼까?,,김명선,걸음동무,어린이동화
1090,아빠랑 책 볼까?,,김명선,걸음동무,어린이동화
1091,동네에서 생긴 일,,오진목,걸음동무,어린이동화
1092,파란 물고기의 하지 마 하지 마,,차인우,걸음동무,어린이동화
1093,음푼자냐나,,안재윤,걸음동무,어린이동화
1094,악어 룰라,,신원미,걸음동무,어린이동화
1095,마퀴나세는 못말려,,오늘,걸음동무,어린이동화
1096,불을 훔친 피그미,,허윤,걸음동무,어린이동화
1097,너는 참 좋겠다 언니는 참 좋겠다,,안영은,걸음동무,어린이동화
1098,파란 물고기의 이상한 여행,,차인우,걸음동무,어린이동화
1099,파란 물고기,,차인우,걸음동무,어린이동화
1100,어멍 강옵서,,박지훈,걸음동무,어린이동화
1101,무지개와 진흙을 배우다,,하워드 빈코우,걸음동무,어린이동화
1102,집으로 가는 길,,프란 프레스톤 개논,걸음동무,어린이동화
1103,왕따 탈출하기,,하워드 빈코우,걸음동무,어린이동화
1104,아름다운 탄생,,아녜스 로젠스티엘,걸음동무,어린이동화
1105,동물 가족,,파비앙 느그랭,걸음동무,어린이동화
1106,농부의 하루,,프란 프레스톤 개논,걸음동무,어린이동화
1107,지구와 물총새,,이자벨 미노스 마르틴스,걸음동무,어린이동화
1108,내 친구 북극곰,,마르쿠스 말트,걸음동무,어린이동화
1109,라피의 크리스마스 소원,,안느미크 페흐트,걸음동무,어린이동화
1110,슬픔을 꽉 안아줘,,마리 프랑신 에베르,걸음동무,어린이동화
1111,미운 네 살,,태드 크래스네스키,걸음동무,어린이동화
1112,정정당당을 배우다,,하워드 빈코우,걸음동무,어린이동화
1113,거짓말에서 참말을 배우다,,하워드 빈코우,걸음동무,어린이동화
1114,세상에서 가장 특별한 너,,린다 크란츠,걸음동무,어린이동화
1115,우리집에는,,이자벨 미뇨스 마르틴스,걸음동무,어린이동화
1116,느리게 빠르게,,이자벨 미뇨스 마르틴스,걸음동무,어린이동화
1117,모래성과 용,,조디 무어,걸음동무,어린이동화
1118,그래요 정말 그래요,,아르멜 바르니에,걸음동무,어린이동화
1119,엄마가 되어 줄게,,마거릿 와일드,걸음동무,어린이동화
1120,내가 어른이 되면 말이야,,게턴 도레뮤스,걸음동무,어린이동화
1121,색깔은 어떤 맛일까?,,티에리 마리쿠르,걸음동무,어린이동화
1122,똥 마려워!,"김민정,민승우",조숙경,아이앤북,어린이동화
1123,"너, 그러다가!","김민정,민승우",홍하나,아이앤북,어린이동화
1124,야호! 수박,"김민정,민승우",박혜선,아이앤북,어린이동화
1125,그날 아이가 있었다,"남도형,민승우,김보나",윤숙희,아이앤북,어린이동화
1126,꽁꽁 가둬 둔 이야기 귀신,"김민정,민승우",문영숙,아이앤북,어린이동화
1127,돌고 돌아 되돌아온 은혜,"김민정,민승우",이종선,아이앤북,어린이동화
1128,"한 자, 두 자, 금 자로 아버지를 살려 낸 아들","김민정,민승우",오미경,아이앤북,어린이동화
1129,호랑이를 물리친 재투성이 재덕이,"김민정,민승우",한상순,아이앤북,어린이동화
1130,빤짝빤짝 꾀돌이 막둥이,"김민정,민승우",정진아,아이앤북,어린이동화
1131,후루룩후루룩 콩나물죽으로 십 년 버티기,"김민정,민승우",이묘신,아이앤북,어린이동화
1132,훌렁 쓰고 훌러덩 벗는 요술 망태기,"김민정,민승우",박혜선,아이앤북,어린이동화
1133,똥자루 굴러간다,,김윤정,국민서관(주),어린이동화
1134,친구에게,,김윤정,국민서관(주),어린이동화
1135,하얀도화지,,홍종의,국민서관(주),어린이동화
1136,땅속나라 여왕님의 별난 옷,,양영지,국민서관(주),어린이동화
1137,세상에서 가장 행복한 그림,,박수현,국민서관(주),어린이동화
1138,못 말리는 카멜레온,,윤미경,국민서관(주),어린이동화
1139,곰 아저씨의 선물,,고혜진,국민서관(주),어린이동화
1140,사랑스러운 까마귀,,베아트리스 퐁따넬,국민서관(주),어린이동화
1141,어느 여름날,,고혜진,국민서관(주),어린이동화
1142,우주 전사 복실이,,한미호,국민서관(주),어린이동화
1143,"봄을 깨우는 신들의 노래, 보티첼리의 봄",,박수현,국민서관(주),어린이동화
1144,참게의 여행,,양상용,국민서관(주),어린이동화
1145,노래를 품은 섬 소안도,,홍종의,국민서관(주),어린이동화
1146,공룡이 쿵쿵쿵,,윤미경,국민서관(주),어린이동화
1147,단자요!,,안수자,국민서관(주),어린이동화
1148,포포 부부의 떠내려간 둥지,,권오준,국민서관(주),어린이동화
1149,더 높은 곳의 고양이,,이주혜,국민서관(주),어린이동화
1150,세상에서 가장 유명한 변기,,박수현,국민서관(주),어린이동화
1151,세상에서 가장 유명한 해바라기,,박수현,국민서관(주),어린이동화
1152,세상이 반한 미소 모나리자,,박수현,국민서관(주),어린이동화
1153,"비디오아트의 선구, 백남준의 TV부처",,조경숙,국민서관(주),어린이동화
1154,개미 허리,,허은미,국민서관(주),어린이동화
1155,세상을 깨운 새로운 아침,,박수현,국민서관(주),어린이동화
1156,혹부리 할아버지,,송언,국민서관(주),어린이동화
1157,해님 달님,,송재찬,국민서관(주),어린이동화
1158,평화의 상징 피카소 게르니카,,박수현,국민서관(주),어린이동화
1159,거울 속에 누구요?,,조경숙,국민서관(주),어린이동화
1160,세상을 놀라게 한 세잔의 사과,,박수현,국민서관(주),어린이동화
1161,이가 튼튼 그림책,,이현,국민서관(주),어린이동화
1162,"모이소, 들어보소, 으라차차 홍대권!",,김기정,국민서관(주),어린이동화
1163,여름 휴가,,장영복,국민서관(주),어린이동화
1164,으라차차 큰 일꾼,,정해왕,국민서관(주),어린이동화
1165,바람이 살랑,,조미자,국민서관(주),어린이동화
1166,아토피를 조심해,,이현,국민서관(주),어린이동화
1167,며느리 방귀 복 방귀,,조호상,국민서관(주),어린이동화
1168,키 크는 그림책,,이현,국민서관(주),어린이동화
1169,눈에 좋은 그림책,,이현,국민서관(주),어린이동화
1170,돼라 돼라 뽕뽕,,유애로,국민서관(주),어린이동화
1171,방귀 똥꼬 박사 아니야!,,박정애,국민서관(주),어린이동화
1172,견우와 직녀,,오정희,국민서관(주),어린이동화
1173,학교 처음 가는 날,,김하루,국민서관(주),어린이동화
1174,팥죽 호랑이와 일곱 녀석,,최은옥,국민서관(주),어린이동화
1175,도깨비와 범벅 장수,,이상교,국민서관(주),어린이동화
1176,운명을 바꾼 가믄장아기,,이상교,국민서관(주),어린이동화
1177,소원 들어주는 호랑이 바위,,한미호,국민서관(주),어린이동화
1178,맛있는 구름 콩: 두부이야기,,임정진,국민서관(주),어린이동화
1179,강아지 복실이,,한미호,국민서관(주),어린이동화
1180,신선바위 똥바위,,김하늬,국민서관(주),어린이동화
1181,훨훨 간다,,권정생,국민서관(주),어린이동화
1182,길아저씨 손아저씨,,권정생,국민서관(주),어린이동화
1183,"엄마, 고마워요!",,정해왕,국민서관(주),어린이동화
1184,난 남달라!,,김준영,국민서관(주),어린이동화
1185,올리가 변했어요!,,김은주,국민서관(주),어린이동화
1186,난난난,,영민,국민서관(주),어린이동화
1187,선녀를 찾아 하늘나라로 올라간 나무꾼,,이상교,국민서관(주),어린이동화
1188,의좋은 형제,,이현주,국민서관(주),어린이동화
1189,좁쌀 한 톨로 장가가기,,김미혜,국민서관(주),어린이동화
1190,인절미 시집가는 날,,김아인,국민서관(주),어린이동화
1191,굴러 굴러,,이승범,도서출판 북극곰,어린이동화
1192,버찌 잼 토스트,,문지나,도서출판 북극곰,어린이동화
1193,마지막 배,,이루리,도서출판 북극곰,어린이동화
1194,엄지 척,,"이은혜,이신혜",도서출판 북극곰,어린이동화
1195,최고의 이름,,루치루치,도서출판 북극곰,어린이동화
1196,아빠 쉬는 날,,차야다,도서출판 북극곰,어린이동화
1197,다고쳐 박사의 비밀,,주윤희,도서출판 북극곰,어린이동화
1198,언제나 네 곁에,,"이루리,엠마누엘레 베르토시",도서출판 북극곰,어린이동화
1199,딩동,,릴리아,도서출판 북극곰,어린이동화
1200,도토리 팬티,,다카하시 노조미,도서출판 북극곰,어린이동화
1201,빨강 캥거루,,에릭 바튀,도서출판 북극곰,어린이동화
1202,빨간 주머니,,멜리,도서출판 북극곰,어린이동화
1203,북극곰 코다 호 - 두 번째 이야기,,이루리,도서출판 북극곰,어린이동화
1204,무지개 수프,,김숙영,도서출판 북극곰,어린이동화
1205,똑같네 똑같아,,김숭현,도서출판 북극곰,어린이동화
1206,딸꾹,,김고은,도서출판 북극곰,어린이동화
1207,드르렁,,문크,도서출판 북극곰,어린이동화
1208,돼지꿈,,김성미,도서출판 북극곰,어린이동화
1209,동동이와 원더마우스 2,,조승혜,도서출판 북극곰,어린이동화
1210,동동이와 원더마우스,,조승혜,도서출판 북극곰,어린이동화
1211,아빠가 그려준 코끼리,,양미주,도서출판 북극곰,어린이동화
1212,아기 돼지와 자전거와 달님,,피에레뜨 듀베,도서출판 북극곰,어린이동화
1213,도토리 모자,,임시은,도서출판 북극곰,어린이동화
1214,숲 속 작은 집 창가에,,유타 바우어,도서출판 북극곰,어린이동화
1215,스트로 베리 베리 팡팡,,하선정,도서출판 북극곰,어린이동화
1216,색을 상상해 볼래?,,디토리,도서출판 북극곰,어린이동화
1217,늦게 온 카네이션,,이순원,도서출판 북극곰,어린이동화
1218,눈 오는 날,,엠마누엘레 베르토시,도서출판 북극곰,어린이동화
1219,삶은 달걀,,이루리,도서출판 북극곰,어린이동화
1220,산타와 함께 춤을,,이연주,도서출판 북극곰,어린이동화
1221,누구세요?,,엠마누엘레 베르토시,도서출판 북극곰,어린이동화
1222,너희 집은 어디니,,김성은,도서출판 북극곰,어린이동화
1223,나비가 되고 싶어,,엠마누엘레 베르토시,도서출판 북극곰,어린이동화
1224,나 홀로 버스,,남강한,도서출판 북극곰,어린이동화
1225,까만 코다,,이루리,도서출판 북극곰,어린이동화
1226,까까,,김성은,도서출판 북극곰,어린이동화
1227,괴물이 나타났다!,,신성희,도서출판 북극곰,어린이동화
1228,"곰곰아, 괜찮아?",,김정민,도서출판 북극곰,어린이동화
1229,고요한 나라를 찾아서,,문지나,도서출판 북극곰,어린이동화
1230,Coda The Polar Bear,,이루리,도서출판 북극곰,어린이동화
1231,이게 뭘까?,,안네게르트 푹스후버,도서출판 북극곰,어린이동화
1232,우리 아빠는 외계인,,남강한,도서출판 북극곰,어린이동화
1233,우리 가족이에요,,노유경,도서출판 북극곰,어린이동화
1234,왁투,,이미성,도서출판 북극곰,어린이동화
1235,오! 나의 달님,,김지영,도서출판 북극곰,어린이동화
1236,엄마가 낮잠을 잘 때,,이순원,도서출판 북극곰,어린이동화
1237,어치와 참나무,,이순원,도서출판 북극곰,어린이동화
1238,어머니의 이슬털이,,이순원,도서출판 북극곰,어린이동화
1239,야호,,유소프 가자,도서출판 북극곰,어린이동화
1240,안돼!,,마르타 알테스,도서출판 북극곰,어린이동화
1241,아이코 내 코,,주윤희,도서출판 북극곰,어린이동화
1242,"할아버지, 할아버지",,선미화,도서출판 북극곰,어린이동화
1243,펑,,이루리,도서출판 북극곰,어린이동화
1244,판다의 딱풀,,보니비,도서출판 북극곰,어린이동화
1245,킁킁,,정희정,도서출판 북극곰,어린이동화
1246,크리스마스 선물,,이순원,도서출판 북극곰,어린이동화
1247,코튼 캔디 캔디 뿅뿅,,하선정,도서출판 북극곰,어린이동화
1248,코코가 그려준 코끼리,,양미주,도서출판 북극곰,어린이동화
1249,천사 안젤라,,이루리,도서출판 북극곰,어린이동화
1250,지붕 위 루시,,김지연,도서출판 북극곰,어린이동화
1251,지각 대장 샘,,이루리,도서출판 북극곰,어린이동화
1252,줄무늬 미용실,,홍유경,도서출판 북극곰,어린이동화
1253,"저듸, 곰새기",,장수진,아이들은자연이다,어린이동화
1254,내 방에서 콩나물 농사짓기,,"이정모,노정임",아이들은자연이다,어린이동화
1255,달콤한 목욕,,김신화 외 5인,바람의아이들,어린이동화
1256,행복한 학교,,"이경혜,김중석",바람의아이들,어린이동화
1257,깜깜한 밤,,도로테 몽프레,바람의아이들,어린이동화
1258,우리는요?,,도로테 몽프레,바람의아이들,어린이동화
1259,꼬마 아이를 먹을래,,"실비안 도니오,도로테 몽프레",바람의아이들,어린이동화
1260,하나도 안 심심해,,마갈리 보니올,바람의아이들,어린이동화
1261,아빠가 해줘,,"나딘 브렝콤므,미쉘 바케스",바람의아이들,어린이동화
1262,진짜 동생,,"제랄드 스테르,프레데릭 스테르",바람의아이들,어린이동화
1263,행복한 우산마을,,김동현 외 5인,바람의아이들,어린이동화
1264,접시의 비밀,,"공문정,노인경",바람의아이들,어린이동화
1265,어수룩 호랑이,,황순선,바람의아이들,어린이동화
1266,쏘옥 뿌직,,김규정,바람의아이들,어린이동화
1267,모아 이야기,,류한창,바람의아이들,어린이동화
1268,글자 셰이크,,홍하나,바람의아이들,어린이동화
1269,[EBS 세계문학전집] 보물섬,"정형석,박지윤",로버트 루이스 스티븐슨,한국교육방송공사,어린이동화
1270,[EBS 세계문학전집] 아라비안나이트,"정형석,박지윤",작가 미상,한국교육방송공사,어린이동화
1271,[EBS 세계문학전집] 톰 소여의 모험,"정형석,박지윤",마크 트웨인,한국교육방송공사,어린이동화
1272,수몽조의 특별한 선물,"타입캐스트 현진, 하은 외 17인",박상기,(주)대교,어린이동화
1273,선녀와 나무꾼,,옮긴이: 숀 게일,미디어창비,어린이동화
1274,콩쥐 팥쥐,,옮긴이: 숀 게일,미디어창비,어린이동화
1275,우렁이와 젊은이 / 의좋은 형제 / 닭의 벗과 개 다리와 돼지 코,,옮긴이: 조영실,미디어창비,어린이동화
1276,노래 주머니 / 견우와 직녀,,옮긴이: 조영실,미디어창비,어린이동화
1277,해님과 달님 / 호랑이와 나그네,,옮긴이: 조영실,미디어창비,어린이동화
1278,임금님 귀는 당나귀 귀 / 젊어지는 샘물,,옮긴이: 조영실,미디어창비,어린이동화
1279,사 형제의 재주 / 용궁 공주,,옮긴이: 조영실,미디어창비,어린이동화
1280,호랑이와 곶감 / 소가 된 게으름뱅이,,옮긴이: 조영실,미디어창비,어린이동화
1281,망두석 재판 / 효성스러운 호랑이,,옮긴이: 조영실,미디어창비,어린이동화
1282,연오랑과 세오녀 / 사윗감을 찾아 나선 쥐,,옮긴이: 숀 게일,미디어창비,어린이동화
1283,반쪽이 / 말 안 듣는 청개구리,,옮긴이: 숀 게일,미디어창비,어린이동화
1284,신선 그림 / 불개,,옮긴이: 조영실,미디어창비,어린이동화
1285,[EBS 세계문학전집] 지킬박사와 하이드,"정형석,박지윤",로버트 루이스 스티븐슨,한국교육방송공사,어린이동화
1286,[EBS 세계문학전집] 그리스로마 신화,"정형석,박지윤",작자미상,한국교육방송공사,어린이동화
1287,전구눈 올빼미의 빛나는 호기심,장리,김세호,(주)대교,어린이동화
1288,[로우 낭독] 투명의자,로우,윤해연,별숲,어린이동화
1289,[EBS 세계문학전집] 걸리버 여행기,"정형석,박지윤",조너선 스위프트,한국교육방송공사,어린이동화
1290,[EBS 세계문학전집] 장발장,정형석,빅토르 위고,한국교육방송공사,어린이동화
1291,율리의 바이올린,김효,김효,풀빛미디어,어린이동화
1292,[EBS 세계문학전집] 15소년 표류기,"정형석,박지윤",쥘 베른,한국교육방송공사,어린이동화
1293,까칠한 아이(AI 음성합성 버전),인공지능으로 감성을 말하는 AI음성합성 엔진 타입캐스트,남찬숙,(주)대교,어린이동화
1294,까칠한 아이(성우 낭독 버전),"김하루,김유림,가빈,박민기",남찬숙,,어린이동화
1295,명작동화 영한대역 II,"박미경,손선희",그림 형제,왓북,어린이동화
1296,명작동화 영한대역 I,"박미경,손선희",그림 형제,왓북,어린이동화
1297,[단편] 흰곰 인형,,임정자,창비,어린이동화
1298,[단편] 희망,,김중미,창비,어린이동화
1299,[단편] 흙,,이가을,창비,어린이동화
1300,[단편] 혼자 먹는 밥,,박상률,창비,어린이동화
1301,[단편] 호질,,장철문,창비,어린이동화
1302,[단편] 호야 선장의 우주여행,,오주영,창비,어린이동화
1303,[단편] 호랑이 생일,,임선영,창비,어린이동화
1304,[단편] 허생전,,장철문,창비,어린이동화
1305,[단편] 행복한 눈물,,정채봉,창비,어린이동화
1306,[단편] 햇빛 쏟아지는 날,,이현,창비,어린이동화
1307,[단편] 햇볕 동동 구리 동동,,윤기현,창비,어린이동화
1308,[단편] 해바라기 마을의 거대 바위,,김종렬,창비,어린이동화
1309,[단편] 할머니의 노래,,이준연,창비,어린이동화
1310,[단편] 할머니를 훔쳐 간 고양이,,김리리,창비,어린이동화
1311,[단편] 할머니를 따라간 메주,,오승희,창비,어린이동화
1312,[단편] 한겨울 밤의 외출,,임선영,창비,어린이동화
1313,[단편] 학교에 간 할머니,,채인선,창비,어린이동화
1314,[단편] 학교에 간 개돌이,,김옥,창비,어린이동화
1315,[단편] 학교가 사라진 날,,김기정,창비,어린이동화
1316,[단편] 하늘 나라 우체부,,정채봉,창비,어린이동화
1317,"[단편] 하느님, 잠깐만요",,배서연,창비,어린이동화
1318,[단편] 풀꽃 꽃다발,,정채봉,창비,어린이동화
1319,[단편] 포도와 구슬,,현덕,창비,어린이동화
1320,[단편] 편지 이중창,,김기정,창비,어린이동화
1321,[단편] 투명 까마귀,,선안나,창비,어린이동화
1322,[단편] 토끼와 자동차,,현덕,창비,어린이동화
1323,[단편] 토끼 삼 형제,,현덕,창비,어린이동화
1324,[단편] 토끼 군에게 생긴 일,,김기정,창비,어린이동화
1325,[단편] 큰소리,,현덕,창비,어린이동화
1326,[단편] 콩 눈은 왜 생겼나,,조지훈,창비,어린이동화
1327,[단편] 축구공을 지켜라 ,,진형민,창비,어린이동화
1328,[단편] 추위,,정우해,창비,어린이동화
1329,[단편] 최생원전,,장철문,창비,어린이동화
1330,[단편] 첼로,,이가을,창비,어린이동화
1331,[단편] 청개구리,,이주홍,창비,어린이동화
1332,[단편] 철웅이의 비둘기,,이가을,창비,어린이동화
1333,[단편] 천사의 눈,,정채봉,창비,어린이동화
1334,[단편] 천 년 묵은 홰나무,,맹주천,창비,어린이동화
1335,[단편] 처음 본 사람이 말을 걸면,,채인선,창비,어린이동화
1336,[단편] 처녀 장미꽃,,권환,창비,어린이동화
1337,[단편] 책벌레,,김옥,창비,어린이동화
1338,[단편] 창 밖의 곤줄박이,,이가을,창비,어린이동화
1339,[단편] 착한 아이,,김옥,창비,어린이동화
1340,[단편] 짜장면 불어요!,,이현,창비,어린이동화
1341,[단편] 진주,,정채봉,창비,어린이동화
1342,[단편] 지옥에 간 세 사람,,최인화,창비,어린이동화
1343,[단편] 죽었다 살아난 가난뱅이,,이혜숙,창비,어린이동화
1344,[단편] 조그만 어머니,,현덕,창비,어린이동화
1345,[단편] 조그만 발명가,,현덕,창비,어린이동화
1346,[단편] 저 들 밖에서,,정채봉,창비,어린이동화
1347,[단편] 자각돌,,이영철,창비,어린이동화
1348,[단편] 인생 최대의 위기 ,,진형민,창비,어린이동화
1349,[단편] 이홍전,,장철문,창비,어린이동화
1350,[단편] 이상한 열쇠고리,,오주영,창비,어린이동화
1351,[단편] 이상한 알약,,임정자,창비,어린이동화
1352,[단편] 이상한 나라의 이상한 농사 이야기,,윤태규,창비,어린이동화
1353,[단편] 이빨 귀신을 이긴 연이,,임정자,창비,어린이동화
1354,[단편] 이불 속에서 크르륵,,김리리,창비,어린이동화
1355,[단편] 은혜를 모르는 세 딸,,고운기,창비,어린이동화
1356,[단편] 은하수의 노래,,정채봉,창비,어린이동화
1357,[단편] 은지가 벼슬한 날,,배서연,창비,어린이동화
1358,[단편] 은 항아리,,고운기,창비,어린이동화
1359,[단편] 윤수와 김치부침개,,남찬숙,창비,어린이동화
1360,[단편] 위문 온 매미,,정채봉,창비,어린이동화
1361,[단편] 우리들의 움직이는 성,,이현,창비,어린이동화
1362,[단편] 우리들의 영등 폭포,,강정훈,창비,어린이동화
1363,[단편] 우리 방이 동물원이 되었어요,,채인선,창비,어린이동화
1364,[단편] 요의 마법 칫솔,,이한준,창비,어린이동화
1365,[단편] 외딴 오막살이,,손춘익,창비,어린이동화
1366,[단편] 왕릉과 풀씨,,정채봉,창비,어린이동화
1367,[단편] 올가의 편지,,송마리,창비,어린이동화
1368,[단편] 오세암,,정채봉,창비,어린이동화
1369,[단편] 오! 특별 수업 ,,진형민,창비,어린이동화
1370,[단편] 옛 하인 막동이,,고운기,창비,어린이동화
1371,[단편] 엿장수 총각의 꿈,,이혜숙,창비,어린이동화
1372,[단편] 엽전 두 꿰미 공덕,,고운기,창비,어린이동화
1373,[단편] 염동이,,이혜숙,창비,어린이동화
1374,[단편] 여섯 번째의 이별,,박상규,창비,어린이동화
1375,[단편] 엄마 몰래 탈출하기,,김종렬,창비,어린이동화
1376,[단편] 어흥을 찾아 주세요,,임선영,창비,어린이동화
1377,[단편] 어디만큼 왔냐,,우효종,창비,어린이동화
1378,[단편] 어두운 계단에서 도깨비가,,임정자,창비,어린이동화
1379,[단편] 양반전,,장철문,창비,어린이동화
1380,[단편] 양반 골려 주기,,이혜숙,창비,어린이동화
1381,[단편] 알 게 뭐야,,이현주,창비,어린이동화
1382,[단편] 악당 반장!,,김기정,창비,어린이동화
1383,[단편] 아주 마음에 드실 거예요,,이한준,창비,어린이동화
1384,[단편] 아버지의 아버지의 아버지의 아버지의 아버......지를 찾아서,,채인선,창비,어린이동화
1385,[단편] 아버지의 방아,,정채봉,창비,어린이동화
1386,[단편] 아버지의 바다,,김일광,창비,어린이동화
1387,[단편] 아버지 구두,,현덕,창비,어린이동화
1388,[단편] 아기 토끼와 채송화꽃,,권정생,창비,어린이동화
1389,[단편] 아가 발은 짝발,,이가을,창비,어린이동화
1390,[단편] 썩지 않는 고무신,,정호승,창비,어린이동화
1391,[단편] 쌀 한 톨,,정채봉,창비,어린이동화
1392,[단편] 싸움,,현덕,창비,어린이동화
1393,[단편] 심술 구구단,,김기정,창비,어린이동화
1394,[단편] 심생전,,장철문,창비,어린이동화
1395,[단편] 신호등 속의 제비집,,정채봉,창비,어린이동화
1396,[단편] 시궁쥐,,송언,창비,어린이동화
1397,[단편] 시골 쥐의 서울 구경,,방정환,창비,어린이동화
1398,[단편] 시계 속에 무엇이 살고 있는지 아나요?,,이한준,창비,어린이동화
1399,[단편] 슬퍼하는 나무,,이태준,창비,어린이동화
1400,[단편] 순이 고모,,김옥,창비,어린이동화
1401,[단편] 수학왕 기철이,,김남중,창비,어린이동화
1402,[단편] 송아지가 뚫어 준 울타리 구멍,,손춘익,창비,어린이동화
1403,[단편] 솔새와 소나무,,임원호,창비,어린이동화
1404,[단편] 손톱만큼 작은 돈,,송재찬,창비,어린이동화
1405,[단편] 손님,,유은실,창비,어린이동화
1406,[단편] 소중한 아이,,김옥,창비,어린이동화
1407,[단편] 소꿉질,,박태원,창비,어린이동화
1408,[단편] 성모님의 유치원,,정채봉,창비,어린이동화
1409,[단편] 서쪽 숲에서 생긴 일,,이반디,창비,어린이동화
1410,[단편] 새빨간 도토리,,이반디,창비,어린이동화
1411,[단편] 삼식이 뒤로 나가! ,,선안나,창비,어린이동화
1412,[단편] 살꽃 이야기,,이현주,창비,어린이동화
1413,[단편] 산골 사람 고래 잡기,,이혜숙,창비,어린이동화
1414,[단편] 사월 그믐날 밤,,방정환,창비,어린이동화
1415,[단편] 사슴과 사냥개,,마해송,창비,어린이동화
1416,[단편] 사랑 사랑 누가 말했나 ,,진형민,창비,어린이동화
1417,[단편] 사는 게 시시한 보야,,김기정,창비,어린이동화
1418,[단편] 뺨 맞은 원님,,고운기,창비,어린이동화
1419,[단편] 빼떼기,,권정생,창비,어린이동화
1420,[단편] 블루시아의 가위바위보,,이상락,창비,어린이동화
1421,[단편] 불새의 춤,,이원수,창비,어린이동화
1422,[단편] 불꽃의 깃발,,이원수,창비,어린이동화
1423,[단편] 분청사기,,이가을,창비,어린이동화
1424,[단편] 분청 사기,,이가을,창비,어린이동화
1425,[단편] 북경 거지,,고운기,창비,어린이동화
1426,[단편] 복수의 여신,,송미경,창비,어린이동화
1427,[단편] 보리는 2학년 5반을 구했나?,,김기정,창비,어린이동화
1428,[단편] 별이 된 가시나무,,정채봉,창비,어린이동화
1429,[단편] 별똥별 ,,권정생,창비,어린이동화
1430,[단편] 별똥별,,이가을,창비,어린이동화
1431,[단편] 변신해라,,김기정,창비,어린이동화
1432,[단편] 벽시계가 있는 집,,이가을,창비,어린이동화
1433,[단편] 벼알 삼 형제,,정우해,창비,어린이동화
1434,[단편] 베개 아기,,송창일,창비,어린이동화
1435,[단편] 백령도,,이가을,창비,어린이동화
1436,[단편] 밥풀이,,이한준,창비,어린이동화
1437,[단편] 밤주골 길이,,조한순,창비,어린이동화
1438,[단편] 밤 다섯 개,,권정생,창비,어린이동화
1439,[단편] 박 포장,,이혜숙,창비,어린이동화
1440,[단편] 바위나리와 아기 별,,마해송,창비,어린이동화
1441,[단편] 바보 신랑 성공기,,고운기,창비,어린이동화
1442,[단편] 바보 삼부자,,윤일숙,창비,어린이동화
1443,[단편] 바람하고,,현덕,창비,어린이동화
1444,[단편] 바람은 알건만,,현덕,창비,어린이동화
1445,[단편] 바닷가 아이들 ,,권정생,창비,어린이동화
1446,[단편] 바다에 떨어진 모자,,채인선,창비,어린이동화
1447,[단편] 바다 종소리,,정채봉,창비,어린이동화
1448,[단편] 미옥이,,이주홍,창비,어린이동화
1449,[단편] 문제아,,박기범,창비,어린이동화
1450,[단편] 문이 열리면,,김옥,창비,어린이동화
1451,[단편] 문,,정채봉,창비,어린이동화
1452,[단편] 무명 저고리와 엄마 ,,권정생,창비,어린이동화
1453,[단편] 몽당연필,,임원호,창비,어린이동화
1454,[단편] 모래성,,정채봉,창비,어린이동화
1455,[단편] 모래 마을 아이들,,김옥,창비,어린이동화
1456,[단편] 멸치 한 마리,,강정규,창비,어린이동화
1457,[단편] 멧돼지,,임길택,창비,어린이동화
1458,[단편] 매미와 햄스터,,배서연,창비,어린이동화
1459,[단편] 마주 선생의 초대장,,김기정,창비,어린이동화
1460,[단편] 마스크맨 우리 아빠,,배서연,창비,어린이동화
1461,[단편] 마법 열매 안내서,,선안나,창비,어린이동화
1462,[단편] 마늘 먹기,,강소천,창비,어린이동화
1463,"[단편] 뜀틀, 꿈틀",,이숙현,창비,어린이동화
1464,[단편] 뛰어 봤자 벼룩 ,,진형민,창비,어린이동화
1465,[단편] 똬리골댁 할머니,,권정생,창비,어린이동화
1466,[단편] 똥글이 파랑 반지,,오주영,창비,어린이동화
1467,[단편] 똥구네 집은 어디인가?,,김기정,창비,어린이동화
1468,[단편] 똘배가 보고 온 달나라 ,,권정생,창비,어린이동화
1469,[단편] 또야 너구리의 심부름,,권정생,창비,어린이동화
1470,[단편] 땡땡 선생님,,김기정,창비,어린이동화
1471,[단편] 들꽃 아이,,임길택,창비,어린이동화
1472,[단편] 뒤죽박죽 축구 시합,,김기정,창비,어린이동화
1473,[단편] 둘이서만 알고,,현덕,창비,어린이동화
1474,[단편] 동전 구멍,,이혜숙,창비,어린이동화
1475,[단편] 동무,,정명남,창비,어린이동화
1476,[단편] 돌아오는 길,,정채봉,창비,어린이동화
1477,[단편] 돈 항아리,,장문식,창비,어린이동화
1478,[단편] 독후감 숙제,,박기범,창비,어린이동화
1479,[단편] 도깨비 손님,,이혜숙,창비,어린이동화
1480,[단편] 덕주골의 세 아이,,박상규,창비,어린이동화
1481,[단편] 달팽이,,박목월,창비,어린이동화
1482,[단편] 달려가는 최반달,,김기정,창비,어린이동화
1483,[단편] 단지와 보물,,오주영,창비,어린이동화
1484,[단편] 다복이가 왔다,,박관희,창비,어린이동화
1485,[단편] 눈 오는 날,,이가을,창비,어린이동화
1486,[단편] 누렁이와 얼룩이,,곽재구,창비,어린이동화
1487,[단편] 누나와 징검다리,,장문식,창비,어린이동화
1488,[단편] 누구일까?,,박소율,창비,어린이동화
1489,[단편] 노란 프라이팬,,이한준,창비,어린이동화
1490,[단편] 네 것 내 것,,정우해,창비,어린이동화
1491,[단편] 내가 제일이다,,현덕,창비,어린이동화
1492,[단편] 내 이름은 백석,,유은실,창비,어린이동화
1493,[단편] 내 모자야,,임선영,창비,어린이동화
1494,[단편] 내 귀여운 금붕어,,김옥,창비,어린이동화
1495,[단편] 남대문 안 술집,,이혜숙,창비,어린이동화
1496,[단편] 낙지가 보낸 선물,,임정자,창비,어린이동화
1497,[단편] 나의 사촌 세라,,김민령,창비,어린이동화
1498,[단편] 나를 싫어한 진돗개,,김남중,창비,어린이동화
1499,[단편] 꽃 장수,,이태준,창비,어린이동화
1500,[단편] 꽃 그늘 환한 물,,정채봉,창비,어린이동화
1501,[단편] 꽁꽁별에서 온 어머니,,임정자,창비,어린이동화
1502,[단편] 꼴뚜기 ,,진형민,창비,어린이동화
1503,[단편] 꼬마 너구리 삼총사 ,,이반디,창비,어린이동화
1504,[단편] 까치골 다람쥐네,,권정생,창비,어린이동화
1505,[단편] 기다란 머리카락,,방미진,창비,어린이동화
1506,[단편] 금이 간 거울,,방미진,창비,어린이동화
1507,[단편] 금두껍의 첫 수업,,김기정,창비,어린이동화
1508,[단편] 금 가득 은 가득 요술 바가지,,고운기,창비,어린이동화
1509,[단편] 그 도마뱀 친구가 뜨개질을 하게 된 사연,,채인선,창비,어린이동화
1510,[단편] 귀신이 사는 집,,안미란,창비,어린이동화
1511,[단편] 귀뚜라미,,현덕,창비,어린이동화
1512,"[단편] 구불구불 뱀과 깡총깡총 토끼, 그리고 떡갈나무",,채인선,창비,어린이동화
1513,[단편] 광문자전,,장철문,창비,어린이동화
1514,[단편] 곰지의 밥그릇,,김기정,창비,어린이동화
1515,[단편] 고양이,,송창일,창비,어린이동화
1516,[단편] 겨울·갈가마귀,,이원수,창비,어린이동화
1517,[단편] 겨울 숲 속에서,,김남중,창비,어린이동화
1518,[단편] 검정 연필 선생님,,김리리,창비,어린이동화
1519,[단편] 거울 나라,,정채봉,창비,어린이동화
1520,[단편] 거북이 아줌마와 토끼 아줌마,,채인선,창비,어린이동화
1521,[단편] 개구리의 가정,,이병화,창비,어린이동화
1522,[단편] 강아지똥,,권정생,창비,어린이동화
1523,[단편] 강아지,,현덕,창비,어린이동화
1524,[단편] 강나루 아이들,,정채봉,창비,어린이동화
1525,[단편] 간이 큰 벼룩장군,,손동인,창비,어린이동화
1526,[단편] 가자미와 복장이,,이주홍,창비,어린이동화
1527,[단편] 가사미산 도라지꽃,,김명수,창비,어린이동화
1528,[단편] 가마솥,,오경임,창비,어린이동화
1529,[단편] 가난뱅이의 보물 상자,,황선미,창비,어린이동화
1530,[단편] 가끔씩 비 오는 날,,이가을,창비,어린이동화
1531,최척전,,장철문,창비,어린이동화
1532,임진록,,김종광,창비,어린이동화
1533,박문수전,,정종목,창비,어린이동화
1534,계축일기,,이혜숙,창비,어린이동화
1535,사씨남정기,,하성란,창비,어린이동화
1536,최고운전,,장철문,창비,어린이동화
1537,금방울전,,김지우,창비,어린이동화
1538,전우치전,,김남일,창비,어린이동화
1539,춘향전,,정지아,창비,어린이동화
1540,조웅전,,이명란,창비,어린이동화
1541,양반전 외,,장철문,창비,어린이동화
1542,흥보전,,정종목,창비,어린이동화
1543,옹고집전,,박철,창비,어린이동화
1544,도깨비 손님,,이혜숙,창비,어린이동화
1545,북경 거지,,고운기,창비,어린이동화
1546,장화홍련전,,김별아,창비,어린이동화
1547,박씨부인전,,김종광,창비,어린이동화
1548,홍길동전,,정정목,창비,어린이동화
1549,심청전,,장철문,창비,어린이동화
1550,토끼전,,이혜숙,창비,어린이동화
1551,내가 제일이다,,현덕,창비,어린이동화
1552,콩 눈은 왜 생겼나,,조지훈,창비,어린이동화
1553,벼알 삼 형제,,정우해,창비,어린이동화
1554,시골 쥐의 서울 구경,,방정환,창비,어린이동화
1555,내 모자야 ,,임선영,창비,어린이동화
1556,열두 마리 새,,김희경,창비,어린이동화
1557,학교에 간 할머니,,채인선,창비,어린이동화
1558,숲 속 재봉사의 꽃잎 드레스,,최향랑,창비,어린이동화
1559,숲 속 재봉사와 털뭉치 괴물,,최향랑,창비,어린이동화
1560,숲 속 재봉사,,최향랑,창비,어린이동화
1561,우리들의 움직이는 성,,이현,창비,어린이동화
1562,"뜀틀, 꿈틀",,이숙현,창비,어린이동화
1563,햇볕 동동 구리 동동,,윤기현,창비,어린이동화
1564,내 이름은 백석,,유은실,창비,어린이동화
1565,기다란 머리카락,,방미진,창비,어린이동화
1566,독후감 숙제,,마해송 외,창비,어린이동화
1567,엄마 몰래 탈출하기,,김종렬,창비,어린이동화
1568,수학왕 기철이,,김남중,창비,어린이동화
1569,별똥별 ,,권정생,창비,어린이동화
1570,"소리 질러, 운동장",,진형민,창비,어린이동화
1571,보물섬의 비밀,,유우석,창비,어린이동화
1572,앵무새 돌려주기 대작전,,임지윤,창비,어린이동화
1573,꼴뚜기 ,,진형민,창비,어린이동화
1574,기호 3번 안석뽕,,진형민,창비,어린이동화
1575,가끔씩 비 오는 날,,이가을,창비,어린이동화
1576,오세암,,정채봉,창비,어린이동화
1577,노란 프라이팬 ,,이한준,창비,어린이동화
1578,물렁물렁 따끈따끈,,김옥,창비,어린이동화
1579,도레미의 신기한 모험,,이반디,창비,어린이동화
1580,내 이름은 구구 스니커즈,,김유,창비,어린이동화
1581,아기 토끼와 채송화꽃,,권정생,창비,어린이동화
1582,엄마 사용법,,김성진,창비,어린이동화
1583,여우가 될래요,,신연호,창비,어린이동화
1584,무지막지 공주의 모험,,김미애,창비,어린이동화
1585,삼식이 뒤로 나가! ,,선안나,창비,어린이동화
1586,왕창 세일! 엄마 아빠 팔아요,,이용포,창비,어린이동화
1587,꼬마 너구리 삼총사 ,,이반디,창비,어린이동화
1588,뻔뻔한 실수,,황선미,창비,어린이동화
1589,콩 하나면 되겠니?,,배유안,창비,어린이동화
1590,꼬리 잘린 생쥐,,권영품,창비,어린이동화
1591,으랏차차 도깨비죽,,신주선,창비,어린이동화
1592,형제가 간다,,방미진,창비,어린이동화
1593,이상한 열쇠고리,,오주영,창비,어린이동화
1594,신기하고 새롭고 멋지고 기막힌,,김기정,창비,어린이동화
1595,괴물과 나,,장주식,창비,어린이동화
1596,내 방귀 실컷 먹어라 뿡야,,이용포,창비,어린이동화
1597,마법사 똥맨,,송언,창비,어린이동화
1598,검정 연필 선생님,,김리리,창비,어린이동화
1599,축구 생각,,김옥,창비,어린이동화
1600,마스크맨 우리 아빠,,배서연,창비,어린이동화
1601,내 동생 아영이,,김중미,창비,어린이동화
1602,들키고 싶은 비밀,,황선미,창비,어린이동화
1603,어두운 계단에서 도깨비가,,임정자,창비,어린이동화
1604,그 도마뱀 친구가 뜨개질을 하게 된 사연,,채인선,창비,어린이동화
1605,악당 반장!,,김기정,창비,어린이동화
1606,똥구네 집은 어디인가?,,김기정,창비,어린이동화
1607,마주 선생의 초대장,,김기정,창비,어린이동화
1608,"태풍이 온다, 긴급 출동!",,박경화,창비,어린이동화
1609,삐오 삐오 병원 24시,,권재원,창비,어린이동화
1610,누가 집을 지을까?,,구본준,창비,어린이동화
1611,우리 동네 슈퍼맨,,허은실,창비,어린이동화
1612,누가 초콜릿을 만들까?,,이지유,창비,어린이동화
1613,밤을 지키는 사람들,,신순재,창비,어린이동화
1614,감자꽃,,권태응,창비,어린이동화
1615,아기 너구리 키우는 법,,천효정,창비,어린이동화
1616,"목기린 씨, 타세요!",,이은정,창비,어린이동화
1617,빼떼기,,권정생,창비,어린이동화
1618,똘배가 보고 온 달나라,,권정생,창비,어린이동화
1619,달기의 흥겨운 하루,,윤아해,창비,어린이동화
1620,태양의 새 삼족오,,유다정,창비,어린이동화
1621,매호의 옷감,,김해원,창비,어린이동화
1622,강아지와 염소 새끼,,권정생,창비,어린이동화
1623,징금 징금 징금이,,일노래,창비,어린이동화
1624,둥그렁 뎅 둥그렁 뎅,,전래동요,창비,어린이동화
1625,쨍아,,천정철,창비,어린이동화
1626,선생님 과자,,장명용,창비,어린이동화
1627,석수장이 아들,,권문희,창비,어린이동화
1628,여우난골족,,백석,창비,어린이동화
1629,준치 가시,,백석,창비,어린이동화
1630,새는 새는 나무 자고,,정순희,창비,어린이동화
1631,영이의 비닐우산,,윤동재,창비,어린이동화
1632,길로 길로 가다가,,인강,창비,어린이동화
1633,낮에 나온 반달,,윤석중,창비,어린이동화
1634,넉 점 반,,윤석중,창비,어린이동화
1635,내 동생,,주동민,창비,어린이동화
1636,시리동동 거미동동,,권윤덕,창비,어린이동화
1637,놀고 먹는 군과 공부 도깨비,,김리리,창비,어린이동화
1638,"멧돼지가 쿵쿵, 호박이 둥둥",,김애란,창비,어린이동화
1639,사과나무밭 달님,,권정생,창비,어린이동화
1640,내 동생은 멍멍!,,박혜림,창비,어린이동화
1641,할머니의 여름휴가,,안녕달,창비,어린이동화
1642,한밤중 개미 요정,,신선미,창비,어린이동화
1643,콧구멍만 바쁘다,,이정록,창비,어린이동화
1644,책 만들어 주는 아버지,,설흔,창비,어린이동화
1645,재운이,,윤동재,창비,어린이동화
1646,"잘 가, 토끼야",,에밀리 젠킨스,창비,어린이동화
1647,우리는 엄마와 딸,,정호선,창비,어린이동화
1648,"우리 누나, 우리 구름이",,정호선,창비,어린이동화
1649,요리조리 맛있는 세계 여행,,최향랑,창비,어린이동화
1650,여자 아이의 왕국,,이보나 흐미엘레프스카,창비,어린이동화
1651,아프리카 초콜릿,,장선환,창비,어린이동화
1652,십장생을 찾아서,,최향랑,창비,어린이동화
1653,수박 수영장,,안녕달,창비,어린이동화
1654,산딸기 임금님,,고수진,창비,어린이동화
1655,삐비 이야기,,송진헌,창비,어린이동화
1656,분홍 보자기,,윤보원,창비,어린이동화
1657,별이 되고 싶어,,이민희,창비,어린이동화
1658,물웅덩이로 참방!,,염혜원,창비,어린이동화
1659,마음의 집,,김희경,창비,어린이동화
1660,똥방패,,이정록,창비,어린이동화
1661,달이 좋아요,,나명남,창비,어린이동화
1662,다람쥐 무이의 봄,,오주영,창비,어린이동화
1663,눈,,이보나 흐미엘레프스카,창비,어린이동화
1664,너무너무 무서울 때 읽는 책,,에밀리 젠킨스,창비,어린이동화
1665,나는 자라요,,김희경,창비,어린이동화
1666,고양이는 나만 따라 해,,권윤덕,창비,어린이동화
1667,밤 한 톨이 땍때굴,,방정환 외,창비,어린이동화
1668,큰일 한 생쥐,,정범종,창비,어린이동화
1669,나는 3학년 2반 7번 애벌레,,김원아,창비,어린이동화
1670,딱정벌레의 소원,,이지유,창비,어린이동화
1671,처음 만나는 공공장소,,권재원,창비,어린이동화
1672,열려라 남대문학교,,문영미,창비,어린이동화
1673,째깍째깍 시간 박물관,,권재원,창비,어린이동화
1674,용감한 유리병의 바다 여행,,김란주,창비,어린이동화
1675,100원이 작다고?,,강민경,창비,어린이동화
1676,The Girl's Kingdom,,이보나 흐미엘레프스카,창비,어린이동화
1677,Eyes,,이보나 흐미엘레프스카,창비,어린이동화
1678,Baby Animals 123,,류재욱,창비,어린이동화
1679,It's Mine!,,정순희,창비,어린이동화
1680,Yum-Yum―Tasty!,,보린,창비,어린이동화
1681,ZZZ―I'm Sleeping,,보린,창비,어린이동화
1682,Toddle-Toddle. Walking,,보린,창비,어린이동화
1683,My Mind,,천유주,창비,어린이동화
1684,We Are Mother and Daughter,,정호선,창비,어린이동화
1685,Gureumi,,정호선,창비,어린이동화
1686,The Forest Dressmaker and the Hairy Monster,,최향랑,창비,어린이동화
1687,The Forest Dressmaker,,최향랑,창비,어린이동화
1688,The House of the Mind,,김희경,창비,어린이동화
1689,In Search of the Ten Longevity Symbols,,최향랑,창비,어린이동화
1690,Who Is That?,,정순희,창비,어린이동화
1691,The Puppy and the Kid,,권정생 시,창비,어린이동화
1692,Shrimp-Shrimp Shrimpy,,일노래,창비,어린이동화
1693,Boom-Boom-Tom-Tom-Thump!,,전래동요,창비,어린이동화
1694,Dragonfly,,천정철 시,창비,어린이동화
1695,My Teacher's Chips,,장명용,창비,어린이동화
1696,The Stonemason's Son,,전래동요,창비,어린이동화
1697,The Villagers of Foxville,,백석 시,창비,어린이동화
1698,The Chinese Herring,,백석 시,창비,어린이동화
1699,Chirping Birdies Roost in Trees,,전래동요,창비,어린이동화
1700,Yeong-I's Plastic Umbrella,,윤동재 시,창비,어린이동화
1701,Walking Down the Winding Road,,전래동요,창비,어린이동화
1702,Half-Moon in the Afternoon,,윤석중 시,창비,어린이동화
1703,Half Past Four,,윤석중 시,창비,어린이동화
1704,My Little Sister,,주동민 어린이시,창비,어린이동화
1705,There Dangles a Spider,,제주도꼬리따기노래,창비,어린이동화
1706,쿨쿨쿨 잠자요,,보린,창비,어린이동화
1707,아장아장 걸어요,,보린,창비,어린이동화
1708,아기 동물 123,,류재욱,창비,어린이동화
1709,따라 하지 마!,,정순희,창비,어린이동화
1710,누구야?,,정순희,창비,어린이동화
1711,냠냠냠 맛있다,,보린,창비,어린이동화
1712,내 마음,,천유주,창비,어린이동화
1713,내 거야!,,정순희,창비,어린이동화
1714,부릉부릉,,김이구,창비,어린이동화
1715,방긋방긋,,김이구,창비,어린이동화
1716,땍때굴,,김이구,창비,어린이동화
1717,꿈틀꿈틀,,김이구,창비,어린이동화
1718,어린이를 위한 안데르센 영어동화,,한스 크리스티안 안데르센,팟빵북스,어린이동화
1719,7년 동안의 잠,유경선,박완서,어린이작가정신,어린이동화
1720,잠자고 싶은 토끼,은정,칼요한포셴엘린,쌤앤파커스,어린이동화
0,Classics Explained: VIVALDI - The Four Seasons (Siepmann) CD1,Jeremy Siepmann,Jeremy Siepmann,NAXOS,해외
1,Opera Explained: Orfeo ed Euridice (친절한 오페라 이야기 - 오르페오와 에우리디체),David Timson,Thomson Smillie,NAXOS,해외
2,Opera Explained: Orfeo  (친절한 오페라 이야기 - 오르페오),David Timson,Thomson Smillie,NAXOS,해외
3,Opera Explained - Werther (친절한 오페라 이야기 - 베르테르),David Timson,Thomson Smillie,NAXOS,해외
4,Opera Explained - Tosca (친절한 오페라 이야기 - 토스카),David Timson,Thomson Smillie,NAXOS,해외
5,Opera Explained - The Flying Dutchman (친절한 오페라 이야기 - 방황하는 네덜란드인),David Timson,Thomson Smillie,NAXOS,해외
6,Opera Explained - The Magic Flute (친절한 오페라 이야기 - 마술 피리),David Timson,Thomson Smillie,NAXOS,해외
7,Opera Explained - La Boheme (친절한 오페라 이야기 - 라 보엠),David Timson,Thomson Smillie,NAXOS,해외
8,Opera Explained - Carmen (친절한 오페라 이야기 – 카르멘),David Timson,Thomson Smillie,NAXOS,해외
9,Opera Explained - Aida (친절한 오페라 이야기 - 아이다),David Timson,Thomson Smillie,NAXOS,해외
10,Opera Explained - The Barber of Seville (친절한 오페라 이야기 - 세비야의 이발사),David Timson,Thomson Smillie,NAXOS,해외
11,Opera Explained - Rigoletto (친절한 오페라 이야기 - 리골레토),David Timson,Thomson Smillie,NAXOS,해외
12,Opera Explained - Madama Butterfly (친절한 오페라 이야기 - 나비 부인),David Timson,Thomson Smillie,NAXOS,해외
13,Opera Explained - La Traviata (친절한 오페라 이야기 - 라 트라비아타),David Timson,Thomson Smillie,NAXOS,해외
14,Opera Explained - Cosi fan Tutte (친절한 오페라 이야기 - 코지 판 투테),David Timson,Thomson Smillie,NAXOS,해외
15,Opera Explained - The Marriage of Figaro (친절한 오페라 이야기 - 피가로의 결혼),David Timson,Thomson Smillie,NAXOS,해외
16,Opera Explained - Il Trovatore (친절한 오페라 이야기 - 일 트로바토레),David Timson,Thomson Smillie,NAXOS,해외
17,Opera Explained - Don Giovanni (친절한 오페라 이야기 - 돈 지오반니),David Timson,Thomson Smillie,NAXOS,해외
18,Opera Explained - L'Elisir d'Amore (친절한 오페라 이야기 - 사랑의 묘약),David Timson,Thomson Smillie,NAXOS,해외
19,Opera Explained - Turandot (친절한 오페라 이야기 - 투란도트),David Timson,Thomson Smillie,NAXOS,해외
