,0
책,111
목소리,64
오디오북,42
생각,30
수,29
것,25
이야기,23
사람,21
나,21
내용,21
박정민,20
때,20
말,19
내,18
행복,18
배우,18
거,18
게,17
마음,15
작가,14
공감,13
글,13
요조,11
줄,10
성우,10
종이,10
북,10
번,9
시간,9
세상,9
철학,9
제목,8
힐링,8
인생,8
속,8
부분,8
시작,8
이거,8
최고,7
완독,7
꿈,7
기대,7
오디오,7
온도,7
감동,7
리딩,7
이해,6
편안,6
매력,6
저,6
이게,6
드라마,6
처음,6
느낌,6
삶,6
만,6
뭐,6
듯,6
감성,6
기분,5
주인공,5
사장,5
가슴,5
언어,5
끝,5
눈물,5
씨,5
분,5
권,5
우리,5
재미,5
집중,5
용기,5
이상,4
송곳니,4
구독,4
오정세,4
정류장,4
소설,4
설명,4
하나,4
위로,4
앤,4
낭독,4
빵,4
몰입,4
최애,4
도움,4
위,4
눈,4
서유리,4
오류,4
기억,4
응원,4
귀,4
전,4
뻔,4
얘기,4
표창원,4
베스트셀러,4
중간,4
불편,4
엄마,4
여기,4
연기,4
인간,4
머리,4
다음,3
반복,3
이름,3
웃음,3
배려,3
라디오,3
현실,3
후,3
팬,3
하루,3
전자책,3
세계관,3
시각,3
상상,3
중,3
날,3
전소민,3
인정,3
영화,3
사랑,3
표현,3
뒤,3
흥미,3
집,3
데,3
자신,3
일,3
추리,3
감사,3
이기,3
자기,3
우분,3
개인,3
일상,3
마지막,3
사회,3
필요,3
그림,3
대화,3
장기하,3
건가요,3
오랜만,3
약본,3
사실,3
희생,2
걸,2
뿐,2
제,2
완벽,2
사피엔스,2
어른,2
셀,2
힘,2
다운,2
차,2
편,2
편향,2
이걸,2
통찰,2
분위기,2
대,2
남,2
선택,2
무엇,2
전체,2
출근길,2
때문,2
남자,2
프롤로그,2
미,2
감기,2
옥주현,2
이건,2
맛깔,2
쓸모,2
오늘,2
모두,2
독서,2
첨,2
동화,2
깨달음,2
연예인,2
일기,2
오빠,2
요즘,2
여행,2
길,2
만큼,2
강추,2
팟,2
문장,2
바보,2
그,2
동화책,2
성,2
필사,2
조합,2
뭔가,2
불안,2
베스트,2
관심,2
다행,2
법,2
맛집,2
건데,2
김영하,2
구독자,2
막심,2
고민,2
구매자,2
입,2
품격,2
ㅈ,2
나중,2
산책,2
딕션,2
일기장,2
지직,2
나르샤,2
빨강,2
숨,2
깊이,2
몫,2
건,2
중요,2
반,2
아이,2
쏙,2
어디,2
오랫만,2
꿀,2
킥,2
가능,2
과학,2
건지,2
어린아이,2
앞,2
소소,2
장,2
누군가,2
낮,1
아무,1
고개,1
꼬맹이,1
카페,1
수제,1
계획,1
허영심,1
확,1
냄새,1
내게도,1
후반부,1
짱,1
텍스트,1
란,1
서버,1
경험,1
사요,1
장면,1
울산,1
일부,1
논리,1
하트,1
혁신,1
호강,1
에러,1
광고,1
주기,1
여,1
저장,1
잼,1
대본,1
열정,1
땜,1
각자,1
아가,1
후회,1
년,1
편견,1
사표,1
단계,1
타인,1
세상보기,1
안,1
할머니,1
고총,1
가족,1
신비,1
서사,1
세수,1
햇살,1
봇,1
라이트,1
꿀잠,1
소름,1
손해,1
닝,1
우울,1
주제,1
현생,1
작품,1
뮤지컬,1
전쟁,1
종료,1
각종,1
심각,1
한국사,1
베,1
자연,1
취향,1
의미,1
고통,1
인물,1
건조,1
각감,1
생략,1
배경,1
변명,1
허물,1
밥,1
파배우,1
내일,1
중독자,1
얼굴,1
기존,1
차이,1
성향,1
입도,1
화장실,1
막,1
평소,1
오후,1
탑,1
구매,1
전문,1
넹,1
본인,1
책임,1
피곤,1
태구,1
남편,1
발담,1
합리,1
영혼,1
책장,1
또래,1
기준,1
관계,1
악,1
좌파,1
공상,1
통신,1
희망,1
나머지,1
도킨,1
묘사,1
마주,1
의견,1
몰락,1
사상,1
왕,1
감명,1
살,1
노예,1
시민,1
추천,1
결말,1
여긴,1
등장,1
개념,1
순,1
학교,1
자릴,1
속출,1
희노애락,1
식구,1
혁명,1
확인,1
정민,1
죽,1
편한,1
해외,1
윌,1
마릴라,1
어르신,1
천진,1
방향,1
철학자,1
새론,1
소통,1
녹음,1
제시,1
거절,1
뭘까,1
입문,1
허스키,1
가정,1
용일,1
과잉,1
유머,1
지남,1
다양,1
투자,1
뒷내,1
그녀,1
지평,1
상대방,1
충,1
능력자,1
하늘,1
상대,1
평가,1
가입,1
도덕,1
결,1
결혼,1
셀러,1
결국,1
적,1
지원,1
유리,1
이지애,1
구트,1
코미디,1
민준,1
정기,1
부당,1
아래,1
난,1
놀람,1
확장,1
노후,1
청년,1
준비,1
지식,1
삽화,1
추억,1
근육,1
안정,1
부탁,1
지적,1
논거,1
해안,1
정돈,1
간략,1
말거,1
지도,1
밀리,1
자살,1
저자,1
아침,1
직장,1
채,1
동감,1
관람,1
과거,1
당장,1
역사,1
아티스트,1
실감,1
여성,1
사물,1
첫마디,1
단칼,1
본문,1
이용,1
메세지,1
불연,1
문제,1
쯤,1
이미지,1
엄태구,1
바람,1
배,1
순삭,1
나열,1
근거,1
선물,1
소설책,1
계절,1
지대,1
거너,1
현언,1
구룸,1
아나운서,1
척,1
시대,1
책임감,1
순식간,1
사이코,1
표지,1
정말,1
음악,1
실화,1
일침,1
지리,1
맘,1
만세,1
유행,1
욕심쟁이,1
올해,1
속편,1
발음,1
이분,1
주말,1
퇴직,1
흡입력,1
주징,1
무기력,1
덕분,1
양분,1
베셀,1
한마디,1
방편,1
견과,1
메시지,1
거북,1
자,1
경쟁,1
도전,1
모바일,1
동안,1
조깅,1
영성,1
임주환,1
성장,1
원래,1
고함,1
인트,1
주먹,1
감정,1
심리,1
한국,1
취급,1
행,1
기도,1
겉,1
지근,1
수준,1
프로,1
쇼생크,1
뭘,1
함종,1
위트,1
문단,1
백화점,1
안함,1
임팩트,1
청춘,1
에피소드,1
꽃,1
오정태,1
성대,1
클로징,1
노트,1
판단,1
조장,1
대비,1
새벽녘,1
한예리,1
등,1
쓰레기,1
소릴,1
밖,1
다라,1
습관,1
시점,1
사,1
그기,1
능력,1
톤,1
오,1
빨간머리앤,1
정확,1
탯줄,1
옥주,1
방식,1
사전,1
억지,1
인간사,1
정도,1
빵꾸,1
구절,1
소민,1
지속,1
요낭,1
당신,1
퍼센트,1
진가,1
장합,1
메이저,1
이분법,1
서점,1
필독서,1
전공,1
주려,1
답안,1
입감,1
테스트,1
듬,1
시절,1
자식,1
독,1
완전,1
회피,1
예전,1
젊음,1
서구,1
꽃길,1
속칭,1
파일,1
총체,1
문과,1
실패,1
대입,1
가치관,1
짜증,1
이념,1
소리,1
성숙,1
상황,1
글자,1
반성,1
현재,1
시한,1
가짜,1
멤버,1
마녀,1
가지,1
쇠,1
산,1
순서,1
백,1
리,1
패배,1
표정,1
찌질,1
요치,1
파란만장,1
소개,1
정독,1
여유,1
팟캐스트,1
뭔가요,1
뒷담,1
돌,1
부족,1
펙,1
관념,1
정석,1
수녀,1
스토리,1
해설,1
성격,1
단어,1
도망자,1
디,1
대립,1
분노,1
컴백,1
세계,1
보이스,1
앞부분,1
곳,1
사건,1
효과,1
절망,1
비판,1
록,1
달러,1
진문장,1
내공,1
연구,1
재생,1
긍정,1
노래,1
노파,1
너,1
연결,1
찰나,1
영하,1
취소,1
깨알,1
순간,1
소유자,1
사례,1
리더,1
연필,1
자조,1
밤,1
초반,1
스킵,1
칼,1
연기력,1
겁니다,1
시집,1
은근,1
대학교,1
힝,1
파트,1
옆,1
안평,1
토크,1
스토리텔링,1
인격,1
지금,1
창조,1
언제,1
불면증,1
땐,1
누구,1
지우개,1
모범,1
가게,1
거리,1
실망,1
국판,1
미소,1
균,1
표시,1
증폭,1
탈출,1
신하,1
부,1
코드,1
연출,1
벽,1
갠,1
자국,1
그것,1
정리,1
당황,1
신세계,1
반전,1
더블,1
